{"bodyPosition":{"x":-0.01567627489566803,"y":0.9493740797042847,"z":0.005306292325258255},"bodyRotation":{"x":0.1519681215286255,"y":0.004215709865093231,"z":-0.024015672504901887,"w":0.9880846738815308},"muscles":[-0.15753480792045594,0.11535555869340897,0.06549640744924545,-0.041131094098091128,0.13014374673366548,0.07802809029817581,-0.08502620458602905,0.26207980513572695,0.1481977254152298,-0.1747192144393921,0.05907602980732918,-0.03549063578248024,0.5367357134819031,0.2976978123188019,-0.11588404327630997,-1.3340215154755697e-8,5.123370669934957e-7,-2.134434495815185e-8,1.042204083451237e-11,0.0,0.0,-0.10521970689296723,-0.014492979273200035,-0.21507616341114045,0.24146556854248048,0.06460333615541458,0.33911457657814028,0.061816439032554629,-0.21892748773097993,-0.09677045047283173,-0.09960398823022843,-0.000014090010154177435,0.7129811644554138,-0.00381859322078526,0.08129968494176865,0.06439205259084702,-0.015374851413071156,0.4382389187812805,0.009588696993887425,-0.8331657648086548,0.023270878940820695,0.14550283551216126,-0.6630563139915466,-0.40909910202026369,-0.48469099402427676,-0.0028853442054241897,0.40511080622673037,0.1456432193517685,-0.1877000331878662,-0.18086856603622437,-0.04898954927921295,-0.8507739305496216,0.5172038078308106,0.4185788631439209,-0.8877360224723816,-1.4183082580566407,0.4096122682094574,0.2958221435546875,0.2879846394062042,0.6078613996505737,0.11066897213459015,0.215483620762825,0.5139015913009644,0.5345048904418945,-0.212739959359169,0.37780141830444338,0.8760403394699097,0.33667176961898806,-0.00807951856404543,0.38968661427497866,0.7883489727973938,0.17655907571315766,-0.007137815933674574,0.27515795826911929,0.4470430910587311,-1.3493613004684449,0.6076452732086182,0.2957409620285034,0.4567194879055023,0.6079018712043762,0.11067015677690506,0.21548277139663697,0.513875424861908,0.5344710350036621,-0.2127770185470581,0.3778512179851532,0.875944972038269,0.3366938531398773,-0.0080509502440691,0.3896920382976532,0.7883442640304565,0.1765585094690323,-0.007172225974500179,0.2753288447856903,0.4470486044883728]}