{"bodyPosition":{"x":-0.052219003438949588,"y":0.9773020148277283,"z":-0.008792763575911522},"bodyRotation":{"x":0.0826478898525238,"y":-0.4725426435470581,"z":-0.07380054146051407,"w":-0.8743147253990173},"muscles":[-0.03312159702181816,-0.0416695699095726,0.341549813747406,-0.26264744997024538,-0.041536759585142139,0.001763631822541356,-0.21105080842971803,-0.3273046910762787,-0.09181525558233261,-0.12936775386333466,-0.25399327278137209,-0.019298937171697618,-0.1952550709247589,0.02354123443365097,-1.0444341897964478,-1.3340215154755697e-8,5.123370669934957e-7,-2.134434495815185e-8,1.042204083451237e-11,0.0,0.0,0.7817260026931763,-0.043277304619550708,0.022082893177866937,1.0013469457626343,0.3774740993976593,0.16862711310386659,0.18794575333595277,0.000545883143786341,0.8483074903488159,-0.14406105875968934,-0.17587029933929444,0.39402952790260317,0.08868584781885147,0.2846052944660187,-0.24964539706707,0.0,0.4404962360858917,0.6682520508766174,-0.7600309252738953,0.10482871532440186,0.00583818880841136,1.034638524055481,0.8568516373634338,-0.01253129355609417,-0.3583255708217621,0.38277190923690798,1.5221877098083497,-0.801317036151886,0.2325565665960312,0.41012895107269289,0.46611806750297549,-0.043536942452192309,-0.11863499134778977,0.18658973276615144,-1.9579468965530396,-0.5919594764709473,0.47539570927619936,0.05548335239291191,0.5732898116111755,-0.5109459161758423,0.2737531363964081,0.20867440104484559,0.5769104361534119,-2.1277084350585939,-0.6368923783302307,-0.36422213912010195,0.4287087619304657,0.24170629680156709,-0.5944803953170776,-0.4379725158214569,0.5834997892379761,0.18525370955467225,-0.319399893283844,0.18898199498653413,-2.12223219871521,-0.9328214526176453,0.7204846739768982,1.2120747566223145,0.6239139437675476,-0.1787048578262329,-0.3646177351474762,0.03344178572297096,0.797516405582428,-0.7758176922798157,0.18732230365276338,-0.40019360184669497,0.5342614650726318,0.4835301339626312,-0.6791445016860962,0.20733816921710969,0.25584876537323,0.16098888218402863,-0.9755780696868897,-0.6485764384269714]}