{"bodyPosition":{"x":0.0764542818069458,"y":1.0059623718261719,"z":0.1015409454703331},"bodyRotation":{"x":-0.11854097247123718,"y":-0.5908685326576233,"z":-0.10542643815279007,"w":0.7910168170928955},"muscles":[-0.0015866061439737678,0.32107383012771609,-0.17254650592803956,0.0003148459945805371,0.03671833872795105,-0.5695300698280335,-0.00000862311298988061,-0.0000012806585800717585,0.000001195282948174281,-0.11900430172681809,-0.10625676810741425,0.3460734784603119,-0.10160467028617859,-0.024265944957733156,0.3623620271682739,-1.3340215154755697e-8,5.123370669934957e-7,-2.134434495815185e-8,1.042204083451237e-11,0.0,0.0,0.3541935980319977,0.044926032423973086,0.006441390607506037,0.07683563232421875,0.007248575799167156,0.5024228692054749,-0.07464461028575897,0.0,0.9470040798187256,-0.14706110954284669,0.00018684907990973443,0.9954364895820618,0.2293425053358078,0.19910195469856263,0.10418038815259934,-0.28257396817207339,-0.00013440530165098608,-0.00002432543260511011,0.058148618787527087,-0.2597074806690216,-0.022067956626415254,-0.7416938543319702,0.46436619758605959,0.1472030133008957,-0.10764148831367493,0.7722815871238709,-0.08686064183712006,-0.491859495639801,0.6265362501144409,-0.426151841878891,-0.1300838738679886,-0.03823504224419594,-0.22395479679107667,-0.7843782901763916,-1.4364138841629029,-0.23625333607196809,0.459107369184494,-0.6871774792671204,-0.16204282641410829,-0.45569875836372378,0.8356720805168152,0.8639129400253296,-0.16880276799201966,-0.5807904005050659,0.840892493724823,1.0533514022827149,-0.24529200792312623,0.3900074362754822,0.8372051119804382,1.040834903717041,0.24859949946403504,0.2843516170978546,0.8237489461898804,0.7971336841583252,-1.5274938344955445,0.3360060751438141,0.11992017179727555,-0.7995457053184509,-0.30863338708877566,-0.2809249460697174,-0.07158821821212769,-0.6846670508384705,0.16258397698402406,-0.5381068587303162,-0.45409664511680605,-1.1516574621200562,0.1016591414809227,-1.5390044450759888,0.3314766585826874,-1.6057782173156739,0.5733755230903626,-0.8521966934204102,0.02699568308889866,-1.4605071544647217]}