{"bodyPosition":{"x":0.022038685157895089,"y":1.0085045099258423,"z":0.052957531064748767},"bodyRotation":{"x":0.1386258751153946,"y":0.0069022150710225109,"z":-0.07362054288387299,"w":0.9875805377960205},"muscles":[-5.122641368870973e-7,0.0,0.0,-0.7752801179885864,0.4382024109363556,-6.270208814385114e-7,-0.000002134447868229472,0.000024247172405011952,-0.000003244339950470021,-0.004456397611647844,0.35722970962524416,-0.17897158861160279,0.3294878900051117,-0.15483932197093965,-0.02520035207271576,-1.3340215154755697e-8,5.123370669934957e-7,-2.134434495815185e-8,1.042204083451237e-11,0.0,0.0,0.6000791788101196,-0.1191602274775505,0.00008636647544335574,0.9998943209648132,-0.00010231300257146358,0.07812097668647766,0.1865283101797104,0.0,0.30920079350471499,-0.08984384685754776,0.057971809059381488,-0.2511758804321289,0.02896035648882389,0.3642468750476837,-0.005282912869006395,0.0,0.4654039144515991,-2.0424915092576158e-8,-0.013442395254969597,-0.08723746240139008,0.6424509882926941,-0.6471772789955139,0.0330410897731781,-0.5444912314414978,0.2781047821044922,-0.0000014140625808067853,-0.000001430070824426366,0.13160592317581178,-0.13120070099830628,0.5505157709121704,-0.5001943111419678,-0.062072742730379108,-0.3772681653499603,0.0001529508299427107,2.2944483646369918e-7,-0.5000000596046448,-0.9999993443489075,-5.549529760173755e-7,-5.736291441849062e-9,-6.670106689199429e-10,-1.0,-0.9999999403953552,0.0,0.0,-0.9999994039535523,-0.9999997019767761,6.520505912988028e-9,0.0,-0.9999997019767761,-0.9999997019767761,-8.249647720504072e-8,1.0561930799087623e-14,-0.9999997019767761,-0.9999997615814209,-4.294392041970241e-8,-0.49999886751174929,-0.999999463558197,1.1359126240167057e-17,5.836343408560651e-9,-3.3971989293017015e-18,-0.9999999403953552,-1.0000001192092896,0.0,0.0,-0.9999999403953552,-0.9999999403953552,-6.520505912988028e-9,0.0,-0.9999997019767761,-0.9999999403953552,-5.410731773736188e-8,2.519558793914224e-16,-0.9999997019767761,-0.9999997615814209]}