{"bodyPosition":{"x":0.001345761469565332,"y":0.9851917028427124,"z":-0.0038956557400524618},"bodyRotation":{"x":-0.06773624569177628,"y":0.07232281565666199,"z":0.0017365643288940192,"w":0.9950769543647766},"muscles":[-0.000002177122496505035,1.1030161159442109e-12,0.0000014514150734612486,0.196629136800766,-4.811162739315478e-7,-4.706837444246048e-7,0.00000469575252282084,0.0000027320791105012178,-0.00000435424499301007,-0.0000032870282211661108,-0.0000016221706573560369,-5.976415877739782e-7,-0.20786191523075105,-0.000002180014234909322,0.43257370591163638,-1.3340215154755697e-8,5.123370669934957e-7,-2.134434495815185e-8,1.042204083451237e-11,0.0,0.0,0.42641305923461916,-0.09112261980772019,0.00002064142609015107,0.9998974800109863,0.0000076092537710792388,0.21807028353214265,0.23761063814163209,0.0,0.5047493577003479,-0.03004632145166397,0.015318833291530609,0.1987667679786682,-0.10169529914855957,0.027196228504180909,-0.00879699271172285,0.0,-0.00000146386605592852,-0.0000014443003237829544,-0.5473194122314453,0.23032526671886445,0.6584615707397461,0.8027001619338989,-0.906378984451294,-0.20145951211452485,0.0696272924542427,0.08417845517396927,2.2974812984466554,-0.35015103220939639,-0.19288602471351624,-0.0027155864518135788,-0.6329542398452759,0.6612468957901001,-0.392765074968338,-0.369826078414917,-0.7502609491348267,0.07837902754545212,0.012048529461026192,0.012048530392348767,0.012049484997987748,0.01204838976264,0.012048427015542984,0.012048548087477684,0.012048878706991673,0.012046349234879017,0.012048269622027874,0.012048269622027874,0.012048748321831227,0.012046345509588719,0.012048269622027874,0.012048193253576756,0.012048466131091118,0.01204850897192955,0.012048269622027874,0.012048495002090931,-0.8827857375144959,0.09003729373216629,0.012048529461026192,0.012048433534801007,0.012049377895891667,0.012048416770994664,0.012048468925058842,0.012048774398863316,0.0120485108345747,0.012044976465404034,-0.5101995468139648,0.012048269622027874,0.012048708274960518,0.012044918723404408,-0.663788378238678,0.012048193253576756,0.012048209086060524,0.012048544362187386,-1.1813300848007203,0.01204879954457283]}