{"bodyPosition":{"x":0.006430447567254305,"y":0.9852334260940552,"z":-0.009121742099523545},"bodyRotation":{"x":-0.01651652716100216,"y":-0.1169489175081253,"z":-0.0066640330478549,"w":0.9929782152175903},"muscles":[-8.537735851632533e-8,-6.830188681306026e-7,0.0,0.021267449483275415,0.2623383402824402,-0.08910825848579407,0.0,0.0,0.0,-0.00000213443399843527,3.4151022987316539e-7,0.0000010245283874610323,-0.026894014328718187,0.0836847797036171,-0.5123465657234192,-1.3340215154755697e-8,5.123370669934957e-7,-2.134434495815185e-8,1.042204083451237e-11,0.0,0.0,0.6616800427436829,-0.0614183247089386,-0.23565514385700227,0.2583346962928772,0.025233568623661996,0.4496920704841614,-0.022277353331446649,0.0,0.5616039633750916,-0.16509978473186494,5.299013423609722e-7,1.002720832824707,-0.1720036268234253,0.0828952044248581,0.2300693243741989,-4.30088505254389e-7,-0.013615626841783524,1.2233368158340455,-0.4076926112174988,-0.3468790054321289,0.1774788349866867,-0.5164779424667358,0.4907462000846863,-0.46042677760124209,0.3084544837474823,-0.0020857236813753845,-0.3331003189086914,-0.5510650873184204,0.3195226192474365,0.08085283637046814,0.8041619062423706,0.4137241542339325,-0.09099471569061279,0.1404915153980255,-1.3372570276260377,-0.892564594745636,-0.40009674429893496,-0.4000970423221588,-0.12419474124908447,-0.2660687267780304,-1.1096144914627076,0.04360700771212578,-0.6423442959785461,-0.3131018280982971,-0.6545752882957459,-0.6545743346214294,-0.830224335193634,-0.3114423453807831,-0.8302239775657654,-0.8302239775657654,-0.9999995231628418,-0.29201745986938479,-0.9999997019767761,-0.9999994039535523,-1.6085444688796998,-0.3141418695449829,0.07009884715080261,0.8186571002006531,-0.2734616696834564,-0.283048152923584,-0.38341236114501955,-0.5582321286201477,0.062483467161655429,1.0274720191955567,-1.124096393585205,-0.4115467071533203,-0.014351706951856614,-2.0402638912200929,-0.8350647687911987,-0.2777218520641327,0.23633112013339997,-0.5593381524085999,-0.02584169991314411,0.330466628074646]}