{"bodyPosition":{"x":0.00817775260657072,"y":0.9946407079696655,"z":0.03843546658754349},"bodyRotation":{"x":0.02540123462677002,"y":0.2578086853027344,"z":-0.00874121394008398,"w":0.9658225178718567},"muscles":[4.2688654389166916e-8,4.268870057444474e-8,-0.000001494103798904689,-0.3258429169654846,0.0,0.0,0.8932509422302246,-8.74304589615349e-7,0.000005012680958316196,0.22471007704734803,0.000002467667854944011,0.49439218640327456,0.000012635846360353753,-8.538061706531153e-7,0.000007385141543636564,-1.3340215154755697e-8,5.123370669934957e-7,-2.134434495815185e-8,1.042204083451237e-11,0.0,0.0,-0.06449170410633087,-0.03440666198730469,0.012297782115638256,0.23248730599880219,-0.011735271662473679,0.8514003157615662,-0.013429932296276093,0.0,0.6000834107398987,-0.059468526393175128,0.000010198924428550526,0.9998980760574341,0.0000033402714052499506,0.051216378808021548,0.08067324012517929,0.0,-0.5017305016517639,-0.21697278320789338,-0.29157140851020815,-0.09572073817253113,-0.1070602610707283,-0.44074201583862307,-0.20083187520503999,-0.7871983051300049,0.0007572721224278212,0.2257532775402069,-0.21585555374622346,-0.6906120181083679,0.1646883487701416,-0.007206351961940527,-0.21378567814826966,-0.6137772798538208,-0.5860829949378967,-0.40280553698539736,-1.619119644165039,0.34863755106925967,0.4397585093975067,1.165759801864624,0.4389563202857971,0.18762536346912385,1.0137447118759156,0.8337535262107849,0.4393376410007477,-0.04775336757302284,0.6882718205451965,0.8984662890434265,0.4280749261379242,-2.113237142562866,0.34657713770866396,0.663052499294281,0.43508777022361758,-0.16973015666007996,0.022853810340166093,0.3349429666996002,-1.700260877609253,0.3954119086265564,0.4397585093975067,-0.1270068734884262,0.4342062175273895,-0.22480551898479463,0.1872904747724533,0.33565855026245119,0.43827059864997866,-0.4770955443382263,-0.12019635736942291,0.14064115285873414,0.4377714991569519,-0.6193885207176209,-0.18250909447669984,-0.4563215374946594,0.42170649766921999,-0.753817617893219,-0.745830774307251,-0.7999275922775269]}