{"bodyPosition":{"x":-0.0055111004039645199,"y":0.9760560393333435,"z":0.014552132226526738},"bodyRotation":{"x":-0.010987527668476105,"y":-0.02751542627811432,"z":-0.04226551204919815,"w":0.9986670613288879},"muscles":[0.1269012987613678,-0.20376674830913545,-0.36955806612968447,0.01524691004306078,-0.07694019377231598,-0.2618831992149353,0.000006915567610121798,0.000006061793556000339,-8.53773798326074e-8,0.030767878517508508,0.05599023029208183,-0.008172571659088135,-0.18826495110988618,-0.16840851306915284,0.00779147120192647,-1.5903741063391994e-16,3.415302671783138e-7,-2.134434495815185e-8,1.042204083451237e-11,0.0,0.0,0.4192434251308441,-0.1685832142829895,0.000013654152098752093,0.9451907277107239,0.03228815644979477,0.10313417762517929,-0.10833510011434555,-0.007666825782507658,0.28127872943878176,0.2569950819015503,-0.34923556447029116,0.6499537229537964,-0.0422159768640995,-0.185164675116539,-0.2076420783996582,-0.2145380675792694,0.4921884834766388,2.119628028651732e-9,-0.2152891457080841,0.00025073569850064814,0.07063139230012894,-0.7056072354316711,0.4208991527557373,-0.31068673729896548,-0.5027189254760742,0.019609136506915094,7.251326792356849e-7,-0.5845850706100464,0.240848109126091,0.4522419571876526,0.8209095597267151,-0.27724701166152956,0.21998104453086854,0.5040592551231384,-1.5801620483398438,-0.2208295315504074,-0.3002752959728241,1.310341238975525,0.8999999761581421,5.09627540168367e-9,1.0679558515548707,1.0101245641708375,-0.9999995231628418,-1.0579864762050307e-9,-0.9999997019767761,-0.9999994039535523,-0.9987412691116333,-0.6372555494308472,-0.9999994039535523,-0.9999999403953552,-1.000410795211792,-0.5073956251144409,-0.9999994039535523,-0.9999997615814209,-1.398432731628418,0.06728069484233856,0.5564886927604675,0.8696003556251526,0.8537809252738953,-0.3983306288719177,0.4407350718975067,0.7721607089042664,0.9024431109428406,-0.7480372786521912,0.6214646100997925,0.8615821003913879,0.9146238565444946,0.6430889964103699,0.6096349954605103,0.8535890579223633,0.8201281428337097,0.26534390449523928,0.5715450048446655,0.8147034049034119]}