{"bodyPosition":{"x":0.06688854843378067,"y":0.9950610399246216,"z":0.010731424205005169},"bodyRotation":{"x":0.01828571781516075,"y":-0.07929423451423645,"z":-0.041353337466716769,"w":0.9958252906799316},"muscles":[0.04960651323199272,0.23289917409420014,1.0510139465332032,-5.976416446173971e-7,0.0,0.0,0.11832176893949509,-0.007942703552544117,0.023814784362912179,-0.000002177111127821263,0.000004354251359472983,0.000007683963303861674,0.1190139651298523,0.029489943757653238,0.09875351190567017,1.7787035178074007e-9,0.0000020490256247285289,-2.134434495815185e-8,1.042204083451237e-11,0.0,0.0,0.6545063853263855,-0.043672218918800357,-0.000042127947381231934,1.0312321186065674,-0.39316245913505556,0.07759536802768707,0.10586069524288178,0.0,0.3324635326862335,0.02854498289525509,-0.09924890846014023,0.3913555145263672,-0.05424904078245163,0.03751320764422417,-0.0030473179649561645,0.0,0.37396103143692019,-0.7297195196151733,-0.213768869638443,0.6639822125434876,0.9896911978721619,-0.781104326248169,0.6690139174461365,1.0976178646087647,-0.8887025117874146,-0.16499657928943635,-0.0000014375207229022636,0.021172435954213144,0.34368422627449038,-0.46912121772766116,-0.20934943854808808,0.310872346162796,-0.11998065561056137,-0.04731053486466408,-1.4165809154510499,-0.2372668832540512,0.6457728743553162,-4.26886899163037e-8,0.046227775514125827,-0.3796795606613159,0.8114306330680847,-4.799766202268074e-7,0.04003912955522537,-0.7853364944458008,0.8111323118209839,1.147627186424277e-13,0.3722330927848816,0.7137506008148193,0.8116409778594971,-4.5534594050877788e-7,0.2551008462905884,0.2844412326812744,0.8082762956619263,2.8542809392059776e-13,-1.3605302572250367,-2.0035388469696047,0.6459013819694519,1.1359126240167057e-17,0.9040771126747131,-0.39675021171569826,0.8114320635795593,-4.3079793954348136e-7,1.0025233030319214,-0.8007772564888,0.823766827583313,-1.147627186424277e-13,1.1163088083267213,0.6210994124412537,0.8116403818130493,-4.5534594050877788e-7,1.1921391487121583,0.22487854957580567,0.8082727193832398,-4.5534613946074389e-7]}