{"bodyPosition":{"x":-0.08619024604558945,"y":0.9305498003959656,"z":0.009477210231125355},"bodyRotation":{"x":0.18884815275669099,"y":-0.318360298871994,"z":0.05750922113656998,"w":0.9271870851516724},"muscles":[-0.24055542051792146,-0.06907280534505844,-0.0782218873500824,-0.11038049310445786,-0.15921539068222047,-0.18693023920059205,-0.22498688101768495,-0.3267827332019806,-0.3609253168106079,0.07085167616605759,-0.11788523942232132,0.08172325044870377,0.2533523738384247,0.6229256987571716,0.5716428756713867,-1.3340215154755697e-8,5.123370669934957e-7,-2.134434495815185e-8,1.042204083451237e-11,0.0,0.0,-0.012311254628002644,0.048135906457901,-0.1613481193780899,0.5327054262161255,-0.11303941160440445,-0.11848535388708115,-0.2001529484987259,-0.3094302713871002,-0.05695578455924988,0.10094035416841507,-0.501878559589386,0.7184493541717529,0.17803503572940827,-0.04371466860175133,-0.6199280023574829,-0.15416821837425233,0.07955573499202728,1.411407709121704,-0.4847787022590637,-0.3168761730194092,0.010452093556523323,-0.7627268433570862,0.43974313139915469,-0.520404040813446,0.10438226163387299,0.198659747838974,0.05489801988005638,-0.7551106810569763,-0.1070394441485405,0.03526448458433151,0.7843145132064819,-0.28032228350639346,0.04722132906317711,-0.16497111320495606,-0.9086960554122925,0.7133764624595642,-0.8263542056083679,-0.006198529619723558,0.613608181476593,0.11007516086101532,0.2154700756072998,0.5138395428657532,0.534519374370575,-0.2127971202135086,0.3777625858783722,0.875888466835022,0.33670374751091006,-0.00799658615142107,0.38970208168029787,0.788264274597168,0.17659422755241395,-0.007118516135960817,0.2752620279788971,0.4470086097717285,-1.0262762308120728,-0.148796945810318,0.2961199879646301,0.456276535987854,0.6078616976737976,0.11066905409097672,0.21546822786331178,0.5138788223266602,0.5113051533699036,-0.2127256542444229,0.37775906920433047,0.875991702079773,0.33667853474617007,-0.0080680837854743,0.3896932303905487,0.7882952094078064,0.17656275629997254,-0.007137888111174107,0.27515557408332827,0.44699645042419436]}