{"bodyPosition":{"x":-0.025941019877791406,"y":0.9677069187164307,"z":0.006333671044558287},"bodyRotation":{"x":-0.02483411878347397,"y":-0.0012200698256492615,"z":0.08490844815969467,"w":0.9960784912109375},"muscles":[0.07246728986501694,0.013295328244566918,0.00542061123996973,-6.741305469404324e-7,-0.2865166664123535,0.0000015874134078330827,0.000012465100553527009,0.000006147159183456097,0.00000520801950187888,-0.00033574530971236527,0.274301677942276,-0.010363254696130753,-0.04955289140343666,-0.09311709553003311,0.0016186987049877644,-1.5903741063391994e-16,3.415302671783138e-7,-2.134434495815185e-8,1.042204083451237e-11,0.0,0.0,0.5118093490600586,0.25221556425094607,-0.2523186504840851,0.8935248851776123,-0.08511154353618622,-0.09273608773946762,-0.31337133049964907,0.0,0.553177535533905,0.025188187137246133,-0.20892253518104554,0.921958863735199,0.015628604218363763,-0.07347089052200318,-0.18132495880126954,0.0,0.4003311097621918,0.42544636130332949,-0.5758317708969116,-0.1700080931186676,-0.612956166267395,0.38971981406211855,0.12109175324440003,0.3080948293209076,0.10991119593381882,-0.6923146843910217,-1.1045036885093396e-8,-0.5399274230003357,-0.0792776495218277,-0.4462500214576721,0.6865523457527161,-0.18378372490406037,-0.4687492847442627,-0.2775968313217163,-0.7642739415168762,0.27827346324920657,-0.08871772140264511,0.5995953679084778,0.6286725401878357,-0.06982322037220001,-0.08166883885860443,0.1272752285003662,0.6005247235298157,-1.0426881313323975,-0.12383357435464859,-0.04222205653786659,0.5000523328781128,1.5630296468734742,-0.35111188888549807,0.4279268682003021,0.5399960875511169,0.08085040748119354,-0.3000573217868805,0.2410617470741272,-1.6854554414749146,0.011444639414548874,0.030119458213448526,0.03012077510356903,0.02989516220986843,-0.4653288424015045,1.00298011302948,0.030117217451334,0.02995944209396839,-0.992134153842926,0.030120844021439554,0.7569867968559265,0.029992803931236268,-0.9782407283782959,0.030119631439447404,0.030121002346277238,0.029274456202983857,-0.9215061068534851,-0.27820920944213869,-0.6020512580871582]}