{"bodyPosition":{"x":0.027425607666373254,"y":1.0193746089935303,"z":-0.020921597257256509},"bodyRotation":{"x":-0.010713457129895687,"y":0.06976417452096939,"z":0.06271270662546158,"w":0.9955326914787293},"muscles":[0.000003585839976949501,-0.000009263446372642647,0.000002774764197965851,4.2688682810876347e-8,0.000001366037849948043,0.0,0.000010330650184187107,0.00001511180198576767,-0.000004268868451617891,-0.28440719842910769,-0.03310801833868027,0.00000364673405783833,-0.00002262499401695095,-0.000008921949302020948,-0.000002006368049478624,-1.3340215154755697e-8,5.123370669934957e-7,-2.134434495815185e-8,1.042204083451237e-11,0.0,0.0,0.45337751507759097,0.16013602912425996,-0.1285383403301239,0.7654000520706177,-0.13648763298988343,-0.04174595698714256,-0.09225334227085114,0.0,0.3968794643878937,-0.07837292551994324,-0.2722852826118469,0.2512585520744324,-0.04264969751238823,0.7370773553848267,-0.16493621468544007,-4.30088505254389e-7,0.6130577921867371,0.8611623644828796,0.11435219645500183,-0.5071799755096436,0.13131125271320344,0.8935158848762512,0.4484288990497589,1.0581066608428956,-0.04203634709119797,0.4587210714817047,-0.21669527888298036,0.06983937323093414,-0.3599097728729248,0.9866538643836975,0.6975605487823486,-0.6471679210662842,0.16137279570102693,0.24704784154891969,-2.285613536834717,-1.5487157106399537,-0.9999933242797852,-0.9999929070472717,0.899999737739563,0.4999992847442627,0.9000000357627869,0.9000000357627869,0.8999989032745361,-0.9999987483024597,0.9000000357627869,0.9000000357627869,-0.9999956488609314,-7.235834686980525e-8,-0.9999989867210388,-0.9999988675117493,-0.9874013066291809,-0.21526871621608735,-0.9999989867210388,-0.9999997615814209,-1.9332677125930787,-0.7929536700248718,-0.999999463558197,-0.44754159450531008,0.8999993801116943,0.4999985992908478,0.8999992609024048,0.9000000357627869,0.8999994993209839,-0.9999989867210388,0.9000000357627869,0.9000000357627869,-0.9999995827674866,-1.123028514626867e-8,-0.9999994039535523,-0.9999999403953552,-0.9999996423721314,5.479108722283854e-8,-0.9999997019767761,-0.9999997615814209]}