{"bodyPosition":{"x":0.08960912376642227,"y":1.024703860282898,"z":0.06798139214515686},"bodyRotation":{"x":-0.06599175930023194,"y":-0.3498227298259735,"z":-0.1148945614695549,"w":0.9273987412452698},"muscles":[-0.0004490925057325512,0.3360345959663391,0.3871050775051117,-0.14777961373329163,0.020172396674752237,0.23351266980171204,-0.000003671227204904426,3.4150411920563786e-7,-0.000008281603186333086,-0.11900757253170014,-0.10625458508729935,0.3460819721221924,-0.10160336643457413,-0.024267852306365968,0.3623562753200531,-1.3340215154755697e-8,5.123370669934957e-7,-2.134434495815185e-8,1.042204083451237e-11,0.0,0.0,1.174461841583252,0.04457563906908035,-0.14094877243041993,0.07683486491441727,-0.023832904174923898,0.5060319900512695,0.3617408573627472,0.0,1.069143295288086,-0.2565268278121948,0.0025837193243205549,0.9955143332481384,0.27676844596862795,0.5957825779914856,0.1933092474937439,-0.47879961133003237,-0.0001345226919511333,-0.000028629872758756392,-0.7680997252464294,0.1912386417388916,0.9517093300819397,0.690673291683197,-0.640694797039032,-0.334172785282135,0.055949870496988299,0.772281289100647,-0.08686061203479767,-0.69057297706604,-0.12053919583559036,-0.2597336769104004,0.18839985132217408,-0.4180644154548645,-0.7043331861495972,-0.5266691446304321,-1.6996299028396607,-0.24070705473423005,0.6722771525382996,-4.26886899163037e-8,-0.12467905879020691,-0.4312605857849121,0.269396036863327,-0.0691421627998352,0.014287402853369713,-0.5770940780639648,-0.49846938252449038,0.636223554611206,0.06791037321090698,0.38190212845802309,-0.6272572875022888,0.2886774241924286,0.19651898741722108,0.007907162420451641,-0.43343931436538699,-0.266245573759079,-1.6455665826797486,0.33677053451538088,0.6671216487884522,1.1359126240167057e-17,0.5521042943000794,-0.5920450687408447,-0.07158821821212769,-0.6846670508384705,0.2920689880847931,-0.5337810516357422,-0.5108880996704102,-1.1516574621200562,0.038792576640844348,-1.537825345993042,-0.521268904209137,-1.2966978549957276,-0.27514317631721499,-0.7423677444458008,-0.5839373469352722,-1.4605071544647217]}