{"bodyPosition":{"x":-0.006697830744087696,"y":0.993861973285675,"z":0.008309535682201386},"bodyRotation":{"x":0.0006890110089443624,"y":-0.007661799434572458,"z":0.004290154203772545,"w":0.9999611973762512},"muscles":[0.00000427650138590252,-0.20224662125110627,4.2795274879381398e-8,-6.523058004859195e-7,0.2865164875984192,-5.148368700247374e-7,0.00001144056750490563,0.000001366037849948043,0.0,-0.000190983249922283,-0.25233691930770876,0.007789858151227236,0.0000017278259747399716,-0.03530050069093704,0.000005293797585181892,-1.3340215154755697e-8,5.123370669934957e-7,-1.0672176031789604e-8,5.123789037497772e-7,0.0,0.0,0.5963282585144043,0.1687975972890854,-0.010858324356377125,1.0007882118225098,-0.3460475504398346,0.0039163376204669479,-0.20186860859394074,0.0,0.596325695514679,0.16879253089427949,-0.010857787914574147,1.0007838010787964,-0.3459494113922119,0.0039287167601287369,-0.2730158567428589,0.0,-3.735259213044628e-8,-2.1344339629081334e-8,-0.49572157859802248,-0.0013094309251755477,0.37768420577049258,-0.8161028027534485,-0.017153192311525346,-0.05093635246157646,-0.3285500705242157,-0.0000014140625808067853,-0.000001430070824426366,-0.19959738850593568,-0.4217991828918457,0.44787025451660159,-0.8907164335250855,0.007461766712367535,0.08532857149839401,0.22141993045806886,-1.0460505485534669,0.019253863021731378,0.03012038953602314,0.03012072667479515,-0.07712068408727646,0.027454068884253503,-0.2602000832557678,0.23283381760120393,-0.29789596796035769,0.13185307383537293,-0.6048421859741211,-0.24137157201766969,-0.7405951619148254,-0.6416471600532532,-0.24292664229869843,-0.46440696716308596,-0.871902585029602,-0.17195534706115724,-0.32323360443115237,-0.8902311325073242,-0.41148751974105837,0.2765922248363495,0.06369650363922119,1.0348373651504517,0.6646093130111694,0.05311203747987747,1.0185885429382325,0.952446699142456,0.6597857475280762,-1.6916054487228394,0.5080442428588867,0.8108757138252258,0.6668202877044678,-0.05986979231238365,0.19308063387870789,0.8074309229850769,0.6624525785446167,0.21465985476970673,-0.1432923525571823,0.4012908935546875]}