{"bodyPosition":{"x":-0.0036545051261782648,"y":0.9813776612281799,"z":-0.031014762818813325},"bodyRotation":{"x":-0.05354674905538559,"y":0.04763169214129448,"z":0.033487267792224887,"w":0.9968663454055786},"muscles":[0.23790593445301057,-0.026744306087493898,0.23652200400829316,0.043613553047180179,0.0,0.0,0.1241711899638176,-0.0000032596590244793335,0.000004611460099113174,-0.07710827142000199,0.09413149207830429,0.061757974326610568,0.020040791481733323,0.044472161680459979,0.12228330224752426,-1.3340215154755697e-8,5.123370669934957e-7,-2.134434495815185e-8,1.042204083451237e-11,0.0,0.0,0.5980435609817505,-0.00047272027586586773,0.0019733377266675236,0.9671067595481873,-0.06420907378196717,-0.025986718013882638,0.08998402953147888,0.0,0.4149148762226105,-0.07607346028089524,0.047516901046037677,0.3602291941642761,-0.01579560711979866,0.1806657463312149,0.1164211630821228,0.0,-0.5616400241851807,7.093329372764856e-7,-0.38528895378112795,0.26232340931892397,-0.1442689597606659,0.7790303826332092,0.3105950355529785,-0.26447024941444399,0.007684169802814722,-0.40037867426872256,0.21881458163261414,-0.5530088543891907,0.304392546415329,-0.005824430380016565,0.7939225435256958,0.3508104085922241,-0.2629227340221405,0.0063040792010724548,-3.1026251316070558,-0.817521870136261,1.0393239259719849,0.7714195251464844,0.7071817517280579,0.24813328683376313,0.9872860312461853,0.9370800852775574,0.6058499813079834,-1.070454478263855,0.9181302189826965,0.8877972960472107,0.6678786277770996,-0.3139457702636719,0.8580412268638611,0.9684464335441589,0.6124610304832459,0.6045118570327759,0.7618461847305298,0.9386423826217651,-2.3264272212982179,-0.3508835732936859,0.5666976571083069,0.5573148727416992,0.7467866539955139,-0.37695544958114626,0.8320649862289429,0.900223433971405,0.7200806140899658,-1.1526029109954835,0.5776872038841248,0.6175574660301209,0.7229123115539551,1.0608700513839722,0.39662817120552065,0.6199950575828552,0.6754483580589294,0.8076945543289185,0.06317145377397537,0.7073363661766052]}