{"bodyPosition":{"x":0.015034125186502934,"y":1.017754316329956,"z":-0.019413569942116739},"bodyRotation":{"x":-0.04873926192522049,"y":0.015332238748669625,"z":0.004792661406099796,"w":0.9986823797225952},"muscles":[-0.0054429080337285999,0.22587068378925324,0.016025708988308908,0.005135663785040379,0.27369382977485659,0.0591469444334507,-0.00003662683957372792,-0.000021429790649563074,-0.000011696697583829518,0.01339163351804018,0.09763098508119583,0.14668937027454377,-0.3402024805545807,0.22094540297985078,0.25512734055519106,-1.3340215154755697e-8,5.123370669934957e-7,-1.0672176031789604e-8,5.123789037497772e-7,0.0,0.0,0.928841233253479,0.12759073078632356,0.002114627044647932,1.0929028987884522,-0.014979684725403786,0.050033945590257648,0.25932201743125918,-4.30088505254389e-7,1.126060962677002,-0.3186079263687134,-0.17015668749809266,0.3027411699295044,0.00496216956526041,0.4275892376899719,0.01316877268254757,2.145106492434934e-7,0.3427683711051941,-0.5592756867408752,-0.7053912281990051,0.33204299211502077,0.24928395450115205,-0.6388865113258362,-0.14687302708625794,-0.5475507378578186,-0.2540200352668762,0.7302295565605164,-0.37375548481941225,-0.5348080396652222,-0.1816577911376953,0.31185072660446169,-0.47280585765838625,0.5366173386573792,-0.7792403101921082,-0.2197408676147461,-0.5280143022537231,-0.010245466604828835,-0.7565498352050781,-0.3037290573120117,-0.8792515397071838,-0.34948432445526125,-0.7720090746879578,-0.5301666855812073,-1.0702532529830933,0.09223654866218567,-0.8685301542282105,-0.6816723346710205,-1.15168035030365,-1.6117541790008546,-0.8183163404464722,-0.7413655519485474,-1.0661239624023438,-1.0329302549362183,-0.7481732964515686,-0.9018248319625855,-0.5388503670692444,0.2707458734512329,0.25594159960746767,0.8536901473999023,0.6686887145042419,-0.23186945915222169,0.8086704611778259,0.8299396634101868,0.6565130949020386,-1.2685601711273194,0.8105854988098145,0.8105013966560364,0.6674991250038147,-0.6274108290672302,0.8009852170944214,0.8070699572563171,0.6350023150444031,0.5019533634185791,0.763847291469574,0.8096286654472351]}