{"bodyPosition":{"x":0.01603034697473049,"y":0.9838224053382874,"z":-0.002331707626581192},"bodyRotation":{"x":0.0004762596799992025,"y":-0.001957013038918376,"z":0.002893261844292283,"w":0.9999938011169434},"muscles":[-3.7666392671553697e-8,0.011235262267291546,0.000001280670176129206,-5.712681740988046e-7,0.11797752231359482,-3.8452415651590857e-7,0.000004781131792697124,8.537849538470255e-8,-0.0000013660377362612053,-0.0003277462674304843,0.08953163027763367,-0.010405732318758965,-0.000005421459718490951,-0.00002125896207871847,-2.9882073704357028e-7,-1.3340215154755697e-8,5.123370669934957e-7,-2.134434495815185e-8,1.042204083451237e-11,0.0,0.0,0.6127400994300842,0.04266660660505295,0.009609836153686047,1.0004416704177857,0.13325656950473786,0.14260748028755189,-0.006534927990287542,-0.15794815123081208,0.7148193120956421,0.08456942439079285,0.004148793872445822,1.0000447034835816,0.12965689599514008,0.28980550169944765,-0.00981942005455494,-0.2661064863204956,0.2767069935798645,-4.025021649312066e-9,-0.4560653567314148,0.4524836242198944,-0.4369986653327942,0.13186262547969819,0.6528556942939758,0.0945938304066658,0.3698188066482544,-0.0000014140625808067853,-0.000001430070824426366,-0.623293936252594,0.16028568148612977,0.0009768279269337655,0.971118688583374,0.0852290615439415,-0.3209032714366913,-0.0002150885120499879,-1.1080310344696046,0.5268987417221069,0.613902747631073,0.14051489531993867,0.8305615782737732,0.2595943212509155,0.800000011920929,0.7999987602233887,0.8468268513679504,-0.3447103202342987,0.800000011920929,0.800000011920929,0.7999995350837708,0.9999992251396179,0.3622729182243347,0.7999981045722961,0.799999475479126,1.0000001192092896,0.0011308514513075352,0.049890801310539249,-1.788947343826294,0.1568714678287506,0.6460660099983215,0.9335034489631653,0.5812581181526184,-0.30532124638557436,0.8106546998023987,0.8714200854301453,0.5519481897354126,-0.7465094327926636,0.8113070726394653,0.8990862965583801,0.30562111735343935,0.6291286945343018,0.8108351230621338,1.0194082260131837,0.17031817138195039,0.3976137638092041,0.8106021881103516,0.9862976670265198]}