{"bodyPosition":{"x":-0.008651379495859146,"y":0.9792910218238831,"z":0.0026567948516458275},"bodyRotation":{"x":-0.07928749918937683,"y":-0.05895327031612396,"z":0.031248945742845537,"w":0.9946163296699524},"muscles":[0.30218085646629336,-0.13644659519195558,-0.3318820893764496,-0.00003318934250273742,-0.003640212118625641,0.02675703540444374,-0.000041834911826299503,0.000001707365072434186,-0.000024930188374128193,-0.1253075748682022,-0.12576331198215486,-0.4764932692050934,0.11293546110391617,-0.0197764802724123,-0.3534225821495056,-1.3340215154755697e-8,5.123370669934957e-7,-2.134434495815185e-8,1.042204083451237e-11,0.0,0.0,0.25460270047187807,-0.2656958997249603,-0.01522013172507286,1.0023541450500489,-0.6478155851364136,0.8451040983200073,0.04899594187736511,0.0,0.6207150220870972,-0.18202488124370576,0.025834226980805398,1.0021754503250123,0.3669911324977875,-0.060206059366464618,0.16170036792755128,0.0,-0.27631908655166628,-0.0000028609508717636347,-0.04820526763796806,0.17129921913146974,0.9215969443321228,0.7182666659355164,-0.7487496733665466,0.4979650378227234,-0.02788158878684044,-1.9565643327723593e-8,-7.1147789881820248e-9,-0.31725096702575686,0.07438024878501892,0.6371829509735107,-0.6584188938140869,0.4396619498729706,-0.9028202295303345,-0.3468235731124878,-1.0917643308639527,-0.23984605073928834,0.6460656523704529,0.6460659503936768,0.8407096862792969,-0.3025135397911072,0.995881974697113,0.8714213371276856,0.5531373620033264,-0.7465095520019531,0.8113070726394653,0.8990856409072876,0.30562111735343935,0.6291273832321167,0.8108349442481995,1.019408106803894,0.1703178584575653,0.3976137638092041,0.8106021881103516,0.9862977266311646,-1.4703845977783204,-0.23949341475963593,0.6460660099983215,0.8455971479415894,0.7831482291221619,-0.302249550819397,1.02361261844635,0.9266221523284912,0.5410927534103394,-0.7464895844459534,0.8113070726394653,0.8990868330001831,0.08744941651821137,0.623458206653595,0.8108349442481995,1.019408106803894,-0.2761579751968384,0.38261014223098757,0.8106021881103516,0.9862976670265198]}