{"bodyPosition":{"x":-0.0036635997239500286,"y":1.01034414768219,"z":0.0034317162353545429},"bodyRotation":{"x":4.470348002882929e-8,"y":-0.0000012218953315823456,"z":-4.352385190031782e-7,"w":1.0},"muscles":[-8.537735851632533e-8,0.0,0.0,-5.976416446173971e-7,0.0,0.0,0.00000435424499301007,-8.537728746205176e-8,-8.537735851632533e-8,-0.09550877660512924,0.07865199446678162,0.8033720254898071,0.000003073583911827882,4.6957913468759218e-7,-0.0000034577826681925218,1.7787035178074007e-9,0.0000020490256247285289,-2.134434495815185e-8,1.042204083451237e-11,0.0,0.0,0.5395554304122925,0.018933245912194253,-0.1296425312757492,0.27703526616096499,0.004135681316256523,0.770044207572937,0.016971062868833543,0.0,0.542477548122406,-0.07822310924530029,0.04622959345579147,1.0180870294570923,-0.23777315020561219,0.25302422046661379,0.1363806426525116,-0.2991813123226166,-3.735259213044628e-8,-2.1344339629081334e-8,-0.030446628108620645,-0.13457725942134858,0.6622966527938843,-0.6392233967781067,-0.7134441137313843,-0.39951279759407046,0.7129921913146973,-1.9565643327723593e-8,-7.1147789881820248e-9,0.2447214275598526,0.17743629217147828,0.8385830521583557,-0.40014079213142397,-0.8492750525474548,-0.4488765597343445,1.1278101205825806,-0.9868425726890564,-0.9868414402008057,-0.9868415594100952,-0.9868425130844116,0.9999995827674866,1.0000004768371583,0.9999994039535523,0.9999996423721314,0.9999999403953552,0.9999962449073792,0.9999994039535523,0.9999994039535523,-0.9999986886978149,-0.9999988675117493,-0.9999997019767761,-0.9999988675117493,-0.9999999403953552,-0.9999982118606567,-0.9999994039535523,-1.0000004768371583,-0.9999991655349731,-0.9999992251396179,-0.9999989867210388,-0.9999993443489075,0.9999999403953552,0.9999997615814209,0.9999994039535523,0.999999463558197,0.9999999403953552,0.9999974966049194,0.9999994039535523,0.9999994039535523,-0.9999999403953552,-0.9999989867210388,-0.9999994039535523,-0.9999988675117493,-0.9999986290931702,-0.9999993443489075,-0.9999997019767761,-0.9999994039535523]}