{"bodyPosition":{"x":0.004774149507284164,"y":0.9934440851211548,"z":0.009242868982255459},"bodyRotation":{"x":1.341104365337742e-7,"y":-2.4868992363471719e-14,"z":-3.774757860209059e-15,"w":1.0},"muscles":[-5.122641368870973e-7,0.0,0.0,-5.976416446173971e-7,0.0,0.0,8.537736562175269e-7,-1.707547596652148e-7,1.7075473124350538e-7,-0.0000016221699752350106,0.0,0.0,0.0000035004716210096378,0.0,0.0,-1.3340215154755697e-8,5.123370669934957e-7,-2.134434495815185e-8,1.042204083451237e-11,0.0,0.0,0.5995189547538757,0.1364186704158783,-0.019025148823857309,1.0000263452529908,-0.13425025343894959,0.056865010410547259,-0.26677945256233218,0.0,0.5995188355445862,0.1364171952009201,-0.019030461087822915,1.0000301599502564,-0.13425005972385407,0.05686475709080696,-0.2667766213417053,0.0,-3.735259213044628e-8,-2.1344339629081334e-8,-0.2570779323577881,-0.22382862865924836,0.14066609740257264,-0.6209607124328613,0.8269086480140686,-0.7128559947013855,0.07582306861877442,-0.0000014140625808067853,-0.000001430070824426366,0.01603543758392334,0.34410926699638369,-0.6488436460494995,-0.21664588153362275,0.37577512860298159,0.7045595049858093,-0.9169027805328369,0.2523651123046875,0.25236666202545168,0.25236618518829348,0.8321290016174316,0.7138913869857788,0.3928683400154114,1.1133962869644166,0.9469836950302124,-0.9999995827674866,-0.9999991059303284,-0.9999994039535523,-0.9999997019767761,-0.9999999403953552,-0.9999987483024597,-0.9999994039535523,-0.9999988675117493,-0.9999977350234985,-0.9999991655349731,-0.9999994039535523,-0.9999997615814209,-0.0977117046713829,-0.33260148763656618,-0.2715228796005249,-0.06024077162146568,-0.03824996575713158,-0.06024673581123352,-0.06024127081036568,-0.0602412223815918,0.03591344133019447,-0.06012729927897453,-0.060241200029850009,-0.060241200029850009,0.07272488623857498,-0.06003294885158539,-0.060241200029850009,-0.060241200029850009,-0.015826741233468057,-0.06021879240870476,-0.060241200029850009,-0.06024128198623657]}