{"bodyPosition":{"x":-0.019272465258836747,"y":0.9915406107902527,"z":-0.004858390893787146},"bodyRotation":{"x":-0.00757408794015646,"y":-0.01875145547091961,"z":0.053372424095869067,"w":0.9983698725700378},"muscles":[-0.0003620032512117177,-0.19474278390407563,0.005263036582618952,-5.976416446173971e-7,0.0,0.0,-0.000018185088265454397,0.0001272123190574348,0.000013148114703653846,-0.06791912764310837,-0.0651974156498909,0.1129942461848259,-0.006492678541690111,-0.050271276384592059,-0.027079211547970773,1.7787035178074007e-9,0.0000020490256247285289,-2.134434495815185e-8,1.042204083451237e-11,0.0,0.0,0.6146922707557678,-0.09867804497480393,-0.26253360509872439,0.4106069505214691,-0.019385477527976037,0.2808694541454315,0.09221894294023514,0.0,0.599204957485199,-0.10186032950878144,2.3599561416176585e-7,0.9998952150344849,-0.1013997346162796,0.0743393525481224,0.24928505718708039,0.0,0.044603731483221057,0.6608262658119202,-0.5211442708969116,0.36700713634490969,-1.0062274932861329,0.035427868366241458,0.4991818070411682,-0.756706714630127,0.013680963777005673,-1.9565643327723593e-8,-7.1147789881820248e-9,-0.169383704662323,-0.20860089361667634,-0.11408436298370362,-0.713087260723114,-0.0068136644549667839,0.7793452739715576,-0.1408388912677765,-6.012149356138252e-7,-0.49999910593032839,-0.9999988079071045,-5.549529760173755e-7,-4.858172246713366e-7,-1.834279395040994e-8,-1.0000014305114747,-1.0000027418136597,2.0522018928659237e-7,1.572566787899632e-8,-0.9999997019767761,-1.0000008344650269,0.000001100923213925853,2.1711096920284946e-8,-0.9999989867210388,-0.9999988675117493,-0.0000013194456869314309,-2.7766528631900657e-8,-0.9999994039535523,-0.9999982714653015,-2.4087095260620119,-1.5331016778945923,-0.999999463558197,-0.9999988675117493,0.6985313892364502,1.322450876235962,0.8999984264373779,0.9000000357627869,-0.6135966181755066,-0.1394004374742508,0.8999983072280884,0.8999983072280884,-1.1215598583221436,-2.0550597668034244e-8,-0.852487325668335,-0.9999988675117493,-0.9956200122833252,-0.44524237513542178,-0.7893813252449036,-0.8506622314453125]}