{"bodyPosition":{"x":0.00337144429795444,"y":1.0124495029449463,"z":0.0036847807932645084},"bodyRotation":{"x":0.00013100354408379644,"y":-0.058038558810949329,"z":-0.007912063971161843,"w":0.9982830286026001},"muscles":[-0.0000032454743177368074,7.039855631774117e-7,-0.2865268588066101,-5.976416446173971e-7,0.0,0.0,-0.000006488684448413551,-0.0000012806376616936178,0.000020234436306054704,0.6516560912132263,-0.16919952630996705,-0.3034307658672333,-0.4367524981498718,-0.1741640418767929,-0.014887625351548195,-1.3340215154755697e-8,5.123370669934957e-7,-2.134434495815185e-8,1.042204083451237e-11,0.0,0.0,0.5916507840156555,-0.07921669632196427,0.13293270766735078,1.0006632804870606,0.17812687158584596,0.10083245486021042,0.14829295873641969,0.0,0.3484358787536621,-0.22574152052402497,-0.6769160628318787,-0.6078373193740845,0.07359722256660462,-0.00015454956155736,0.0013203839771449566,0.0,-0.00000146386605592852,-0.0000014443003237829544,0.04895208403468132,0.08922170847654343,1.0774644613265992,0.24382281303405763,0.018330639228224756,0.5065543055534363,-0.0011679291492328048,-0.3378123939037323,-0.0000042852079786825929,-0.48835936188697817,0.2307022213935852,0.08431707322597504,0.9717537760734558,0.24355414509773255,0.7479996681213379,-0.0022289303597062828,-0.751703143119812,0.37518662214279177,0.3975907862186432,0.665714681148529,0.33537566661834719,0.3972110152244568,0.972193717956543,0.8520123362541199,0.3975904881954193,0.39758920669555666,0.8832980394363403,0.9293535351753235,0.3530985116958618,0.39743900299072268,1.1513915061950684,0.7810230255126953,0.39759019017219546,0.3975902199745178,1.038449764251709,0.7450120449066162,-1.146281361579895,0.3566315770149231,0.8837370276451111,0.9026797413825989,0.8556283712387085,0.3745543658733368,0.9823939204216003,0.8664730787277222,0.8457260131835938,-1.1083202362060547,0.7380844950675964,0.8735291361808777,0.7011829018592835,-0.13387301564216615,0.9341678023338318,0.871595561504364,0.7597762942314148,0.38665971159935,0.8199480175971985,0.8435643911361694]}