{"bodyPosition":{"x":-0.013971764594316483,"y":0.9718546867370606,"z":0.07278382778167725},"bodyRotation":{"x":-0.038117121905088428,"y":-0.2446828931570053,"z":0.008292509242892266,"w":-0.9688181281089783},"muscles":[-0.06431512534618378,-0.140115424990654,-0.016102928668260576,-0.062021225690841678,-0.11827418208122254,-0.0055386838503181938,-0.0000010245283874610323,-0.0000011952831755479565,-8.537736562175269e-8,-0.04848084598779678,0.11803612858057022,-0.36326053738594057,-0.011014745570719242,0.12419077008962631,-0.36395132541656496,-1.3340215154755697e-8,5.123370669934957e-7,-2.134434495815185e-8,1.042204083451237e-11,0.0,0.0,0.4832727015018463,-0.10718075931072235,0.05271315202116966,0.9896987080574036,0.30179473757743838,0.15595239400863648,0.038442306220531467,0.0,0.6089292764663696,0.019966987892985345,-0.48753905296325686,0.6963515281677246,0.5816327333450317,0.06519165635108948,-0.4457142651081085,-0.23252218961715699,0.2494325190782547,-0.08554603904485703,-0.4616330862045288,0.47680187225341799,-0.0980074554681778,0.045396409928798679,0.2681299149990082,-0.2408592849969864,0.9494161009788513,-0.3664683401584625,-1.3456335067749024,-0.4784124493598938,0.21674729883670808,-0.07697343826293946,0.8491935729980469,0.5191810727119446,0.12595365941524507,0.5525117516517639,-1.681781530380249,-0.25789204239845278,0.10967251658439636,-4.26886899163037e-8,0.669346809387207,-0.4064114987850189,0.811336874961853,0.8113751411437988,0.591728925704956,-0.8391035199165344,0.8110883831977844,0.8491445779800415,0.3723772466182709,0.7149894833564758,0.7229409217834473,0.8424182534217835,0.699701189994812,-0.36460980772972109,0.2375001311302185,0.6953833699226379,-2.495915412902832,-0.22409528493881226,0.6696454882621765,-5.549528623305378e-7,0.6269028782844544,-0.06076379865407944,0.9958058595657349,0.9011966586112976,0.5919665098190308,-0.8388203382492065,0.47182124853134158,0.8497058749198914,0.5898908376693726,-0.39040377736091616,0.27837076783180239,0.7335569858551025,0.6411096453666687,-0.42324298620224,-0.003696043509989977,0.8267032504081726]}