{"bodyPosition":{"x":-0.002429590793326497,"y":0.9951416254043579,"z":-0.0058409059420228008},"bodyRotation":{"x":-0.03076484054327011,"y":-0.011305703781545163,"z":-0.004721990320831537,"w":0.9994515776634216},"muscles":[-0.000002049056547548389,0.0,0.0,0.17629235982894898,0.028576375916600229,-0.05031858757138252,0.000022625003111897968,0.0000017929253317561234,-1.7075473124350538e-7,-0.043343883007764819,-0.073024682700634,0.18138387799263,1.0020045948522238e-7,-0.04141625016927719,-0.0000010246353667753283,-1.5903741063391994e-16,3.415302671783138e-7,-2.134434495815185e-8,1.042204083451237e-11,0.0,0.0,0.5996041297912598,0.16018100082874299,-0.0017349751433357597,0.9998976588249207,-0.01727151684463024,-0.00009256818157155067,-0.2756441533565521,0.0,0.7426243424415588,0.17944258451461793,0.005243751686066389,0.9999074339866638,0.01512683741748333,0.14691507816314698,-0.3712872862815857,-0.4522765576839447,0.1389741748571396,-0.0000028662961994996296,-0.1836097091436386,-0.2520190179347992,-0.2548788785934448,-0.3658602833747864,0.0752248540520668,-0.36117124557495119,-0.008510258980095387,0.11110849678516388,-6.627254744984157e-9,-0.4496725797653198,-0.34062957763671877,-0.6275742650032044,-0.22689639031887055,-0.032030560076236728,-0.1657462865114212,0.0004547584103420377,-1.2607938051223755,0.348229318857193,0.23493976891040803,0.23493976891040803,0.23493961989879609,0.2349400520324707,0.2349393218755722,0.23493875563144685,0.22549179196357728,0.2349371612071991,-0.09000249952077866,0.23493927717208863,0.08274751901626587,0.23391149938106538,0.04454329237341881,0.23493927717208863,0.09114940464496613,0.23401996493339539,-0.13905104994773866,0.2349393218755722,-0.9027595520019531,-0.284191370010376,-0.3373487889766693,-0.3373490273952484,-0.33734869956970217,-0.33734893798828127,-0.33734986186027529,-0.33734986186027529,-0.3373488783836365,-0.3373488783836365,-0.33734890818595889,-0.33734890818595889,-0.3373488783836365,-0.3373488485813141,-0.33734890818595889,-0.3373488485813141,-0.3373490273952484,-0.33734890818595889,-0.33734890818595889,-0.3373488783836365]}