{"bodyPosition":{"x":-0.00903195422142744,"y":0.9750991463661194,"z":0.03897698223590851},"bodyRotation":{"x":0.07647674530744553,"y":-0.16538365185260774,"z":0.02031411975622177,"w":0.9830498695373535},"muscles":[-0.5289884805679321,-0.005061400588601828,-0.012367087416350842,0.15515542030334474,-0.015742585062980653,0.11691131442785263,-0.000003585848162401817,0.000001622171794224414,0.0000030735848213225838,0.0000027747664717026056,-0.0000021344326341932175,-0.0000020063682768522996,0.31589144468307497,0.36101508140563967,0.0956914946436882,-1.3340215154755697e-8,5.123370669934957e-7,-2.134434495815185e-8,1.042204083451237e-11,0.0,0.0,0.5772753357887268,0.11390247195959091,0.000013481460882758256,0.9570035338401794,-0.2171337902545929,0.11081137508153916,-0.21332699060440064,-4.30088505254389e-7,0.667994499206543,0.1151939406991005,3.5714336377168367e-7,0.9689220190048218,-0.24165526032447816,-0.011726765893399716,-0.17692388594150544,0.0,0.1344594806432724,-0.9439816474914551,-1.049495816230774,0.2888452410697937,0.017149627208709718,0.8804095983505249,0.4383006691932678,-0.3591015934944153,0.03671528026461601,0.13445945084095,-0.9439816474914551,-1.1207915544509888,0.28999248147010805,0.15545934438705445,0.7774720788002014,0.2124340683221817,-0.36901429295539858,0.5049900412559509,-1.3442842960357667,-0.2777762711048126,0.6460656523704529,1.3710811138153077,0.5812581777572632,-0.30532127618789675,0.8106541037559509,0.8714213371276856,0.5531371831893921,-0.7465095520019531,0.8113070726394653,0.8990856409072876,0.30562111735343935,0.6291287541389465,0.8108349442481995,1.019408106803894,0.1703181266784668,0.3976132869720459,0.8106021881103516,0.9862977266311646,-1.2944414615631104,-0.1794702410697937,0.6460660099983215,1.7052212953567505,0.5787752270698547,0.0726192370057106,0.8106551170349121,0.871421217918396,0.5529748201370239,-0.04765315353870392,0.8113070726394653,0.8990868330001831,0.30562087893486025,-0.32258889079093935,0.8108351230621338,1.019408106803894,0.16988998651504517,-0.03393847867846489,0.8106021881103516,0.9862976670265198]}