{"bodyPosition":{"x":-0.16646017134189607,"y":1.0202927589416505,"z":0.0584799125790596},"bodyRotation":{"x":0.2613479197025299,"y":-0.17515993118286134,"z":-0.01551183219999075,"w":0.9490920305252075},"muscles":[-0.979352593421936,0.04382651671767235,-0.23751968145370484,-0.7504447102546692,-0.1527089923620224,-0.19931606948375703,-0.20554496347904206,-0.12853273749351502,-0.4209747016429901,-0.0000586534442845732,-0.00004192141568637453,-0.000055068401707103476,0.4696832299232483,-0.05384959653019905,-0.8937425017356873,-1.3340215154755697e-8,5.123370669934957e-7,-1.0672176031789604e-8,5.123789037497772e-7,0.0,0.0,-0.48226669430732729,-0.09223990142345429,-0.2018309235572815,0.06390675157308579,-0.01201988011598587,0.00019106770923826844,0.02239438146352768,0.0,-0.4828605651855469,-0.14027364552021027,-0.1586928516626358,0.6364480257034302,-0.23277316987514497,0.30499720573425295,0.10636859387159348,0.0,-0.5768908858299255,1.4207375049591065,-0.4455311596393585,-0.3743351995944977,-0.18042252957820893,-0.16503065824508668,-0.3594987690448761,0.540097713470459,-0.8479688763618469,0.0568234808743,-0.27918288111686709,0.03118295967578888,-0.08684845268726349,0.21164648234844209,-0.26801833510398867,-0.6141313910484314,-0.5891993045806885,-0.6724769473075867,-1.757638931274414,0.008171563036739827,0.6460660099983215,0.8933679461479187,0.5812581777572632,-0.30532127618789675,1.008396029472351,0.8714203238487244,0.5527466535568237,-1.1715716123580933,-0.7767828702926636,0.8990868330001831,0.30223557353019717,-1.002293586730957,-0.5328450798988342,1.019408106803894,0.2823556363582611,0.39665573835372927,0.8106021881103516,1.1653380393981934,-1.7207505702972413,0.2772963345050812,0.6457729339599609,1.1359126240167057e-17,0.45725736021995547,-0.4002499580383301,0.4572572708129883,0.4572561979293823,0.4572575092315674,-0.8325374126434326,0.4572574496269226,0.4572574496269226,0.4572574496269226,0.7137492895126343,0.4572574496269226,0.4572572112083435,0.45725762844085696,0.2844417691230774,0.4572574496269226,0.45725736021995547]}