{"bodyPosition":{"x":-0.06538523733615875,"y":1.0097233057022095,"z":0.07393650710582733},"bodyRotation":{"x":-0.11607389897108078,"y":-0.28792181611061098,"z":-0.10463538765907288,"w":0.9448171257972717},"muscles":[-0.453121155500412,-0.42604854702949526,0.2687651515007019,0.038921941071748736,-0.2822315990924835,-0.005325298756361008,0.0000027320754725224107,6.830194934082101e-7,-0.0000011952831755479565,-0.2325410097837448,-0.11575233936309815,0.10573484003543854,-0.24861125648021699,-0.11187052726745606,0.08844801038503647,-1.5903741063391994e-16,3.415302671783138e-7,-2.134434495815185e-8,1.042204083451237e-11,0.0,0.0,-0.5203667879104614,-0.31227582693099978,-0.5992914438247681,0.38822904229164126,-0.14445847272872926,0.5355526208877564,-0.6673988103866577,0.0,-0.6778100728988648,0.0988970547914505,-0.9564664363861084,0.2751651406288147,0.03127722442150116,0.44182926416397097,-0.3964848518371582,0.0,0.6640588641166687,-0.04256062209606171,0.6561449766159058,0.054883357137441638,0.6942965388298035,0.0027758399955928327,1.0040035247802735,-0.9016516804695129,0.3962397277355194,0.49090060591697695,0.7620949149131775,-0.7220012545585632,0.32742440700531008,0.40876784920692446,0.6183819770812988,-0.43017375469207766,0.45222827792167666,0.42794445157051089,-1.114585280418396,0.026148676872253419,0.01820225827395916,0.9499572515487671,0.9000000357627869,0.4999992847442627,0.9000000357627869,0.9000000357627869,-0.3201369345188141,-0.7384471297264099,0.9000000357627869,0.8999992609024048,-0.4961495101451874,0.04203563928604126,-0.9999997019767761,-0.9999997019767761,-0.39453965425491335,-0.3587496280670166,-0.9999989867210388,-0.9999994039535523,-0.5666025876998901,-0.06604932993650437,0.6460652947425842,0.8681610822677612,0.8167219161987305,-0.30302736163139346,0.9616817831993103,0.871421217918396,0.5531373620033264,-0.7465096116065979,0.8113073706626892,0.8990873694419861,0.30562111735343935,0.6291273236274719,0.8108351230621338,1.019408106803894,0.1703183650970459,0.39761385321617129,0.8106021881103516,0.986297607421875]}