{"bodyPosition":{"x":-0.040702514350414279,"y":0.9424648284912109,"z":-0.010646019130945206},"bodyRotation":{"x":0.18492361903190614,"y":0.2120247483253479,"z":0.06881983578205109,"w":0.9571377635002136},"muscles":[-0.19432878494262696,-0.06188225746154785,0.09277895838022232,-0.031071769073605539,0.3861922323703766,0.26874127984046938,-0.10641977936029434,0.6579502820968628,0.5625208616256714,-0.15648680925369264,-0.08251487463712692,-0.03816988319158554,0.3742671310901642,-0.1493435502052307,-0.43950778245925906,-1.3340215154755697e-8,5.123370669934957e-7,-2.134434495815185e-8,1.042204083451237e-11,0.0,0.0,-0.1459725946187973,0.21330058574676515,-0.6170114874839783,0.6480075716972351,0.2014046162366867,0.07046037912368775,-0.5165385603904724,-0.03959798440337181,0.16373911499977113,-0.11161313951015473,-0.06558158993721008,0.8942620158195496,0.07163814455270767,-0.022954700514674188,-0.258902907371521,-0.07403624802827835,-0.1886228770017624,-0.10480215400457382,-0.43390774726867678,-0.08043848723173142,0.19097384810447694,-0.8398441076278687,0.3402043879032135,-0.7678612470626831,0.7439159750938416,0.6291229128837586,0.7000550031661987,-0.7307984828948975,0.1003832295536995,0.016016310080885888,0.8782932162284851,0.07543845474720001,-0.23619027435779572,-0.10569001734256745,-1.1776131391525269,0.3863685727119446,0.29594388604164126,0.45641085505485537,0.6078657507896423,0.11066470295190811,0.2154679149389267,0.5138887166976929,0.5345064997673035,-0.21275706589221955,0.3777437210083008,0.8760026097297669,0.3366835117340088,-0.008079524151980877,0.38969558477401736,0.7882794737815857,0.17656096816062928,-0.0071474965661764149,0.2751609981060028,0.4470009207725525,-0.9378343224525452,0.9755351543426514,0.29609954357147219,0.45612356066703799,0.6079080104827881,0.11064537614583969,0.215483620762825,0.5138208270072937,0.5344903469085693,-0.212800070643425,0.3777983486652374,0.8759406805038452,0.3367024064064026,-0.008002336136996746,0.389696329832077,0.7882936596870422,0.17657476663589478,-0.0071529196575284,0.2753012478351593,0.44701525568962099]}