{"bodyPosition":{"x":0.0018177124438807369,"y":0.9941579103469849,"z":0.015119682066142559},"bodyRotation":{"x":-0.0366416871547699,"y":0.0012501310557126999,"z":0.010092073120176793,"w":0.9992767572402954},"muscles":[0.15222594141960145,-0.003019081661477685,-0.002179474802687764,0.0024107336066663267,0.0013749737991020084,-0.0006753780180588365,0.004828968085348606,0.0026430850848555567,-0.0008773382287472487,0.039711907505989078,0.23672276735305787,0.13313329219818116,0.17455017566680909,0.1331469565629959,0.05696055665612221,1.8016814304572597e-15,-3.413895797166333e-7,-6.936910068588986e-8,-6.25321808223056e-11,0.0,0.0,0.5420693159103394,0.04373285546898842,-0.008060255087912083,0.984904408454895,0.1891181468963623,0.012901848182082177,-0.0019857240840792658,-0.0026216981932520868,0.4358024001121521,0.14289408922195435,0.6871914863586426,0.6955698132514954,0.010183452628552914,0.2086237072944641,0.017273012548685075,-0.004956723656505346,-0.2756623327732086,0.3125208914279938,-0.5974071621894836,0.20236098766326905,0.009979101829230786,0.9731444716453552,0.21435967087745667,-0.2621932327747345,0.32175755500793459,0.4063575267791748,1.07891047000885,0.1316136121749878,-0.18006740510463715,0.6645367741584778,-0.5151805877685547,-0.2571878135204315,0.40182238817214968,-0.5556478500366211,-3.1128666400909426,0.07953055948019028,0.38758349418640139,0.666897714138031,0.8777761459350586,-0.4904310703277588,0.8579488396644592,0.8766564130783081,0.6694568395614624,-0.8056181073188782,0.6386417746543884,0.6776599884033203,0.42844492197036745,-0.016159014776349069,0.5712541937828064,0.7669245600700378,0.27695944905281069,-0.027092408388853074,0.4907412528991699,0.5970495939254761,-1.6365400552749634,-0.032039955258369449,0.5052118897438049,-0.43691208958625796,0.040078260004520419,-0.044109515845775607,-0.651225745677948,0.0016631601611152292,-0.5222054719924927,-0.7024554014205933,-0.33309704065322878,-0.1134614571928978,-0.5744912624359131,-0.14118574559688569,-0.6226611733436585,-0.10522373020648956,-0.6716788411140442,-0.3433431088924408,-0.5436877608299255,-0.7701476216316223]}