{"bodyPosition":{"x":-0.10016003996133805,"y":0.7500169277191162,"z":0.014669871889054776},"bodyRotation":{"x":-0.15925763547420503,"y":-0.7186836004257202,"z":0.132468581199646,"w":-0.6637642979621887},"muscles":[-0.2924456298351288,0.001162223401479423,-0.0013192032929509879,-0.5264392495155335,-0.05958569794893265,0.11307055503129959,-0.9071548581123352,0.07574145495891571,-0.23089110851287843,-0.04697788134217262,-0.055311333388090137,0.02020552195608616,0.4218125641345978,0.003376224311068654,-0.010813584551215172,1.8016814304572597e-15,-3.413895797166333e-7,5.3360842855454396e-8,-0.0000013661993989444455,0.0,0.0,-0.7793613076210022,0.43766289949417117,0.3715917468070984,0.3095102310180664,0.04178036004304886,0.7599342465400696,-0.23897485435009004,0.12528660893440247,-0.5723094940185547,-0.048179492354393008,-0.0512746162712574,0.1358787566423416,-0.05556623265147209,0.3867703676223755,-0.3047631084918976,-0.00000171715237229364,0.18323169648647309,-0.4960613250732422,0.020069440826773645,-0.1996770203113556,0.005730501841753721,-0.11108913272619248,-0.7869779467582703,-0.370987206697464,-0.3831482231616974,0.3693699538707733,0.3565492331981659,-0.5620220899581909,-0.13408973813056947,0.13616952300071717,-0.8303254842758179,-0.22047437727451325,-0.11712204664945603,-0.30330324172973635,-0.3521205484867096,-0.2189113050699234,-0.22705751657485963,0.14213629066944123,0.40804532170295718,-0.450863242149353,0.01587163656949997,0.08941970765590668,0.14994099736213685,-0.7616528868675232,0.09889045357704163,0.3692633807659149,0.17335093021392823,0.1784248650074005,-0.15408560633659364,0.3294791281223297,0.2458474487066269,0.1577637791633606,-0.13880442082881928,0.2526693642139435,-1.7409647703170777,-0.007513522170484066,-0.22705760598182679,0.49245941638946535,0.4080474078655243,-0.45041364431381228,-0.3326597213745117,0.24075864255428315,-0.2543395459651947,-0.7379980087280273,-0.266816109418869,0.2020411491394043,-0.33562925457954409,0.1695999652147293,-0.6763681769371033,0.07626733928918839,-0.7336978316307068,0.12771765887737275,-0.840547502040863,-0.8036718368530273]}