{"bodyPosition":{"x":0.009335889481008053,"y":0.9231877326965332,"z":0.01177034992724657},"bodyRotation":{"x":0.08849203586578369,"y":0.47803795337677,"z":0.07603313773870468,"w":-0.8705560564994812},"muscles":[-0.03312258794903755,0.04166794195771217,-0.3415459394454956,-0.26264724135398867,0.041535284370183948,-0.0017638031858950854,-0.21104907989501954,0.32730358839035036,0.09180609881877899,-0.2812122702598572,0.18519924581050874,-0.5089702606201172,0.37468570470809939,0.02959945611655712,1.0267906188964844,1.8016814304572597e-15,-3.413895797166333e-7,5.3360842855454396e-8,-0.0000013661993989444455,0.0,0.0,0.9801940321922302,0.07872378826141358,0.0000011893355349457125,0.6651385426521301,0.024745332077145578,-0.49105221033096316,-0.25666114687919619,-0.11114989966154099,0.3663511276245117,0.40128418803215029,0.5040041208267212,0.6271900534629822,0.017014021053910257,0.13558505475521089,-0.05548079311847687,0.000545883143786341,-0.6381338238716126,1.4741730690002442,-0.5265615582466126,0.05856448411941528,-0.0736410841345787,0.7165979146957398,-0.10007424652576447,-0.1277051866054535,0.18441808223724366,0.2412528544664383,0.6664450764656067,-0.7492252588272095,0.18971316516399384,0.30604636669158938,0.775151252746582,-0.12905891239643098,-0.15857602655887605,0.060779549181461337,-1.9301390647888184,-0.8665033578872681,0.7204849720001221,1.2120740413665772,0.6239137649536133,-0.17870481312274934,-0.36461782455444338,0.03344279155135155,0.7975158095359802,-0.7758178114891052,0.18732239305973054,-0.40019357204437258,0.5342614650726318,0.4835298955440521,-0.6791445016860962,0.20733806490898133,0.2558490037918091,0.160988911986351,-0.9755768179893494,-0.6485757827758789,-1.0087018013000489,-0.13178613781929017,-0.6672139763832092,-0.18081854283809663,0.5732897520065308,-0.5109458565711975,0.27375298738479617,0.20867441594600678,0.5802292227745056,-0.9192409515380859,-0.6368927359580994,-0.3642224967479706,0.428707093000412,0.24170491099357606,-0.5944800972938538,-0.4379715323448181,0.5834998488426209,0.1852530986070633,-0.31940069794654848,-0.53823322057724]}