{"bodyPosition":{"x":-0.011934860609471798,"y":0.9894729852676392,"z":0.018242087215185167},"bodyRotation":{"x":-0.005527392029762268,"y":0.44219157099723818,"z":0.018372006714344026,"w":0.8967154622077942},"muscles":[-0.032402221113443378,-0.0251473356038332,-0.15498991310596467,0.115306556224823,0.05288992449641228,-0.3972979784011841,-0.0008884597918950021,-0.11000102013349533,-0.2115021049976349,-0.0000018356162172494806,0.000001622166905690392,-0.000004951887149218237,0.2429654449224472,-0.11890970915555954,-1.367079496383667,1.8016814304572597e-15,-3.413895797166333e-7,-6.936910068588986e-8,-6.25321808223056e-11,0.0,0.0,0.6005163788795471,0.023491699248552324,0.0001337797293672338,1.0028953552246094,0.13074325025081635,0.030604751780629159,-0.03274723142385483,-0.06060420349240303,0.3962283432483673,-0.09178130328655243,0.030363868921995164,0.4669409990310669,0.06909160315990448,0.14037089049816132,-0.036984674632549289,0.0,-0.0034475072752684356,0.42795330286026,-0.649890124797821,0.21512193977832795,0.07617269456386566,0.8311321139335632,-0.39858168363571169,-0.265139639377594,-0.12476244568824768,3.548497033989406e-7,-7.114770550487037e-9,-0.3403102457523346,-0.19389952719211579,-0.4711476266384125,-0.11671379208564758,0.4366534948348999,-0.1925717443227768,0.30956408381462099,-1.7158197164535523,0.6092411875724793,0.11185853183269501,0.6459013819694519,0.4386536777019501,-0.3266211450099945,0.43865329027175906,0.43865296244621279,0.47059887647628786,-0.3266228437423706,0.4705981910228729,0.470598429441452,0.42962372303009035,-0.3266229033470154,0.42962411046028139,0.42962396144866946,0.24932140111923219,-0.3266211748123169,0.24932098388671876,0.24932092428207398,-2.1686770915985109,-0.2367827594280243,0.6460660099983215,-0.5344967842102051,0.5803738236427307,-0.06939411163330078,-0.1728120744228363,0.8714211583137512,0.550354540348053,-1.876393437385559,-0.514655590057373,0.06681206822395325,0.3040671646595001,-0.4771212637424469,-0.7591152191162109,0.28613513708114626,0.08693180233240128,0.397090345621109,-1.3122878074645997,0.003454482415691018]}