{"bodyPosition":{"x":0.0025191414169967176,"y":0.9941936731338501,"z":-0.002966552972793579},"bodyRotation":{"x":-0.03250030800700188,"y":-0.00720288185402751,"z":-0.0032054847106337549,"w":0.9994407296180725},"muscles":[-0.000017266920622205362,-0.043531663715839389,0.0011755686718970538,-0.4131402373313904,0.07231659442186356,0.01592421904206276,-0.11446398496627808,0.06386592239141464,0.017040511593222619,0.12030736356973648,0.022521404549479486,0.14207813143730164,0.3678753972053528,0.12823472917079926,0.1665804237127304,1.8016814304572597e-15,-3.413895797166333e-7,-6.936910068588986e-8,-6.25321808223056e-11,0.0,0.0,0.8134939074516296,-0.019648656249046327,4.856404984820983e-7,1.0004775524139405,0.42793333530426028,0.07966432720422745,-0.04283807426691055,0.0,0.9439057111740112,-0.011473073624074459,-6.211303116288036e-8,1.0001978874206544,0.32570889592170718,0.053090862929821017,-0.17993852496147157,-0.0049378410913050179,-0.26111987233161929,-0.0000014383906545845094,-0.4569935202598572,0.39193010330200198,-0.3073410987854004,0.11958138644695282,0.2868350148200989,-0.25784343481063845,0.41441479325294497,0.6360300183296204,3.3829785195393927e-8,0.01894836314022541,-0.01969798095524311,0.4446899890899658,-0.8754438757896423,-0.13224181532859803,-0.15217310190200807,0.2655039429664612,-1.0550533533096314,0.5753681659698486,-0.663874089717865,0.5995953679084778,0.6689846515655518,-0.445006400346756,0.8089819550514221,0.8303096294403076,0.6618214249610901,-0.787782609462738,0.8108760714530945,0.8108760714530945,0.667617917060852,-0.6269845366477966,0.8011504411697388,0.807430624961853,0.6691282987594605,-0.40044739842414858,0.7638436555862427,0.809879720211029,-1.0745700597763062,-0.4881921410560608,-0.3757614195346832,1.0927320718765259,0.022320766001939775,0.4767444431781769,0.2129494696855545,0.5222177505493164,0.1003483310341835,0.000007064164037728915,-0.3646210730075836,0.010249864310026169,-3.9834691101248158e-9,-1.0688326358795167,-0.8121107816696167,-0.11069772392511368,-4.4768961515728736e-7,-0.9067344665527344,-0.9776545166969299,0.9239439964294434]}