{"bodyPosition":{"x":0.03932588919997215,"y":0.9936966300010681,"z":0.026472989469766618},"bodyRotation":{"x":0.11294850707054138,"y":-0.1078493669629097,"z":-0.037447813898324969,"w":0.9870201945304871},"muscles":[-0.04686044529080391,-0.020723147317767144,-0.004579095169901848,-0.0368647575378418,0.004453154280781746,0.020364981144666673,-0.0000023051891275827076,-0.0000010245270232189796,0.000003329716946609551,-0.0872327908873558,-0.16312383115291596,0.01727931946516037,-0.16791944205760957,-0.275664746761322,-0.43991968035697939,1.8016814304572597e-15,-3.413895797166333e-7,-6.936910068588986e-8,-6.25321808223056e-11,0.0,0.0,0.2604864835739136,-0.12978188693523408,0.027276115491986276,0.5064563751220703,-0.003497157245874405,0.6706247329711914,0.04430185630917549,0.0,0.1971447914838791,0.0752490907907486,0.053849879652261737,0.8294269442558289,0.09124279767274857,0.006080474704504013,0.06253881752490998,-0.11234205961227417,0.10286913812160492,-0.1680879443883896,-0.6831932067871094,0.16260212659835816,0.2441367357969284,0.8035691976547241,0.4508359134197235,-0.1348479837179184,0.4644269347190857,0.8621591329574585,0.41431617736816409,-0.8377374410629273,0.09803920984268189,-0.19725510478019715,-0.3480237126350403,-0.1895526498556137,-0.46118590235710146,0.011266163550317288,-1.3820198774337769,-0.236412912607193,0.6101540327072144,4.8787061501798237e-8,0.6657299995422363,-0.3985365927219391,0.814012885093689,0.8021249771118164,0.6205706596374512,-0.77135169506073,0.8218826055526733,0.8913112878799439,0.38615500926971438,0.6915192604064941,0.8276685476303101,0.8636203408241272,0.2507568299770355,0.28584954142570498,0.8157221078872681,0.8009495735168457,-0.9104725122451782,0.12620128691196443,-0.1718883067369461,4.878707215993927e-8,0.3044321835041046,-0.369815468788147,0.07597754895687103,-0.4403112828731537,0.45567846298217776,1.087844967842102,0.0812682956457138,-0.3157225251197815,0.5010207891464233,-2.547995090484619,0.5246519446372986,-0.6423210501670837,0.39616572856903078,-1.1912699937820435,0.647122859954834,0.2586665153503418]}