{"bodyPosition":{"x":0.00006726358697051182,"y":0.982928454875946,"z":0.014867126010358334},"bodyRotation":{"x":-0.037737246602773669,"y":-0.00360292149707675,"z":-0.010686145164072514,"w":0.9992241263389587},"muscles":[0.15222583711147309,0.003018478164449334,0.0021795600187033417,0.0024112460669130089,-0.001374376006424427,0.0006749511230736971,0.004821284208446741,-0.002641290659084916,0.0008770822896622121,0.03972877562046051,-0.236725851893425,-0.1331275999546051,0.17452597618103028,-0.1331581026315689,-0.05700202286243439,1.8016814304572597e-15,-3.413895797166333e-7,-6.936910068588986e-8,-6.25321808223056e-11,0.0,0.0,0.5242688059806824,-0.029976101592183114,0.040373094379901889,0.9780449271202087,0.20551496744155885,0.06188878044486046,-0.03850322589278221,-0.004956723656505346,0.5420793294906616,0.030852198600769044,0.0001689913624431938,0.9849039912223816,0.15773122012615205,0.01132437027990818,-0.05628933757543564,-0.0026216981932520868,-0.19167578220367433,1.0609562397003174,-0.5927591323852539,0.007626471575349569,0.02347773313522339,-0.1764077991247177,-0.3078216314315796,0.03699779510498047,-0.5140873193740845,-0.2756626009941101,0.3125208616256714,-0.6879815459251404,0.2016102820634842,0.003343779593706131,0.9731480479240418,0.20853263139724732,-0.031777575612068179,0.3108048737049103,-1.6365400552749634,-0.03203989565372467,0.7455442547798157,-0.43691185116767886,0.06635111570358277,0.43112659454345705,-0.651225745677948,0.0016631673788651825,-0.560675323009491,-0.7026529312133789,-0.333096981048584,-0.29599958658218386,-0.3624063730239868,0.05248699337244034,-0.6226611733436585,-0.10522373020648956,-0.3855943977832794,0.5303027033805847,-0.41794055700302126,-0.544852077960968,-1.6989117860794068,0.39625099301338198,0.38758352398872378,0.6668978333473206,0.8777751922607422,-0.49043118953704836,0.8579484820365906,0.8766559958457947,0.6694565415382385,-0.8056181073188782,0.6386417746543884,0.6776599884033203,0.42844492197036745,-0.0161590613424778,0.5712541937828064,0.7669245600700378,0.27695924043655398,-0.027092408388853074,0.4907412528991699,0.5970495939254761]}