{"bodyPosition":{"x":-0.009607849642634392,"y":0.9940942525863648,"z":0.010925834067165852},"bodyRotation":{"x":0.05363507568836212,"y":-0.2355775237083435,"z":-0.02104596048593521,"w":-0.9701462388038635},"muscles":[0.18161727488040925,-0.09154587984085083,0.1259179711341858,-0.22469457983970643,0.00028616187046281993,0.11839734017848969,-0.4920763373374939,-0.0408545657992363,0.13216888904571534,-0.2315424233675003,-0.11944156140089035,0.05155237019062042,0.030680015683174135,0.13156266510486604,-0.36793914437294009,-5.336081798645864e-9,-0.000001195282948174281,-6.936910068588986e-8,-6.25321808223056e-11,0.0,0.0,0.22147929668426515,0.16083307564258576,0.40250736474990847,0.33482974767684939,0.09962508827447891,0.39165017008781435,-0.3249897360801697,-0.4155389964580536,0.658903181552887,0.008390207774937153,0.06957466155290604,0.9612281918525696,-0.020632321015000345,-0.021876348182559015,0.050303779542446139,-0.00038967246655374765,0.21605443954467774,0.743270218372345,-0.7516831159591675,-0.012617424130439759,0.02397388219833374,0.8167442083358765,0.10544523596763611,0.07509052753448487,0.11115900427103043,0.045311760157346728,1.5726017951965333,-0.22760777175426484,-0.25372833013534548,0.24405784904956819,-0.5180208086967468,0.6738067269325256,-0.2559916079044342,0.15673832595348359,-0.634581983089447,0.18970781564712525,0.46402114629745486,-0.36448925733566286,0.3980054557323456,-0.30332130193710329,0.8106551766395569,0.8714202642440796,0.43934133648872378,-0.7446069121360779,0.8113070726394653,0.8990868330001831,0.30562111735343935,0.6291273236274719,0.8108352422714233,1.019408106803894,0.1249760091304779,-0.13849960267543794,0.8106021881103516,0.986297607421875,-1.839067816734314,-0.6548221707344055,-0.9999994039535523,-0.9999998211860657,0.8999996185302734,0.49999940395355227,0.9000000357627869,0.8999992609024048,0.9000000357627869,-0.9999991059303284,0.9000000357627869,0.9000000357627869,-0.5932472944259644,0.000005768041773990262,-0.9999994039535523,-0.9999999403953552,-0.9999993443489075,2.902374873769986e-8,-0.9999997019767761,-0.9999999403953552]}