{"bodyPosition":{"x":0.037814829498529437,"y":0.9213711023330689,"z":0.1742301881313324},"bodyRotation":{"x":0.27158692479133608,"y":0.11245211213827133,"z":-0.006388170178979635,"w":0.9558003544807434},"muscles":[-0.37057504057884219,0.008811620995402336,0.32496586441993716,-0.7953124642372131,0.0,0.0,-0.42850860953330996,0.0000030901026093488328,0.000009246602530765813,0.09365664422512055,0.000003072866320508183,0.0000052962263907829769,0.19532132148742677,-0.0912117063999176,0.023333465680480005,1.8016814304572597e-15,-3.413895797166333e-7,-6.936910068588986e-8,-6.25321808223056e-11,0.0,0.0,-0.9657617211341858,0.3457370102405548,0.7177018523216248,-0.5061901807785034,0.10068836063146591,0.970321774482727,-0.04313945025205612,0.0,-0.6355987787246704,1.0056253671646119,1.1937390565872193,-0.0720769464969635,-0.08395232260227204,0.5287419557571411,0.01242266595363617,0.0,0.6637475490570068,-0.8858399391174316,0.2705551087856293,-0.2539052367210388,-0.08821284025907517,0.43762654066085818,0.10713423788547516,-0.5467329025268555,0.044700827449560168,3.557390604314037e-9,-7.114781208628074e-9,0.054999858140945438,-0.18274188041687013,0.32045820355415347,-0.050861988216638568,-0.4621565341949463,-0.8562549352645874,0.00341095426119864,-1.6452935934066773,0.1678522229194641,0.1807229369878769,0.18072259426116944,0.18072298169136048,0.18072396516799928,0.18072377145290376,0.1807228922843933,0.18072271347045899,0.1807250827550888,0.1807231605052948,0.1807228922843933,0.18072296679019929,0.18072503805160523,0.18072310090065003,0.18072351813316346,0.18072296679019929,0.18072345852851869,0.18072310090065003,0.1807231903076172,-0.7642738819122315,0.2782678008079529,-0.08872905373573303,0.5995953679084778,0.6680155992507935,-0.21089987456798554,-0.24760575592517854,0.40148913860321047,0.6618198752403259,-0.7877969741821289,-0.3054313361644745,-0.050601597875356677,0.6666709780693054,-1.2429457902908326,-0.12651585042476655,0.048260901123285297,0.6674431562423706,-0.09157276153564453,-0.28033873438835146,0.14162017405033112]}