{"bodyPosition":{"x":-0.10721222311258316,"y":0.6789044141769409,"z":-0.015195008367300034},"bodyRotation":{"x":-0.08008621633052826,"y":-0.5241234302520752,"z":-0.01957610622048378,"w":0.8476423025131226},"muscles":[-0.8899538516998291,-6.309912237156823e-7,2.690083533707366e-7,-5.122641937305161e-7,0.0,0.0,-0.0000037566055652860088,-0.0000013660346667165869,0.000004866509698331356,-0.43233057856559756,-0.016008926555514337,-0.0033425278961658479,0.0000031312126793636709,-0.11491265147924423,-0.000003503289690343081,1.8016814304572597e-15,-3.413895797166333e-7,-6.936910068588986e-8,-6.25321808223056e-11,0.0,0.0,-0.22820565104484559,0.10127038508653641,-0.1895703822374344,0.5487775802612305,0.4513331651687622,0.4403229355812073,-0.38916534185409548,0.0,-0.631453812122345,-0.5366091132164002,0.41485151648521426,0.24144551157951356,-0.09269281476736069,0.9434850215911865,0.05198734253644943,2.145106492434934e-7,0.0000014478578123089392,-0.0000014229560747480719,0.011855104006826878,-0.04030892997980118,-0.16503141820430757,-0.10330645740032196,-0.10647990554571152,-0.11936813592910767,-0.10011846572160721,0.2784307301044464,0.7300414443016052,-0.8423130512237549,0.06868427991867066,-0.0001441460190108046,0.9828858375549316,0.2240070104598999,-0.03241236135363579,-0.0012162637431174517,-0.8189728260040283,-1.3444005250930787,0.7900345921516419,0.49541354179382326,0.00006293743354035541,-0.19037139415740968,0.48916566371917727,0.3539109528064728,0.5555387735366821,-2.0816283226013185,-0.43830254673957827,0.6447251439094544,0.5571125149726868,2.228971242904663,0.07288054376840592,0.5674802660942078,0.5898128747940064,1.3155996799468995,0.13455411791801454,0.4407423734664917,-3.1088812351226808,-1.3864563703536988,0.6462768912315369,0.6462775468826294,0.10102010518312454,-1.3011901378631592,0.2266966998577118,0.23034550249576569,0.1414581835269928,-2.6732535362243654,0.23899324238300324,0.2418336570262909,0.19465520977973939,1.3696874380111695,-0.056440792977809909,-0.1070837527513504,0.30774226784706118,0.06576458364725113,-0.5121088027954102,-0.16604937613010407]}