{"bodyPosition":{"x":-0.28971296548843386,"y":0.28389132022857668,"z":0.00028819573344662786},"bodyRotation":{"x":-0.069227434694767,"y":-0.7037100791931152,"z":-0.06922716647386551,"w":0.7037097215652466},"muscles":[-3.415094340653013e-7,0.0,0.0,-0.4382023811340332,0.0,0.0,0.000002561320798122324,5.343330487274367e-13,-0.000001195282948174281,-0.03363855555653572,0.2635914087295532,0.44106459617614748,0.25260353088378909,0.05199544504284859,0.24928466975688935,1.8016814304572597e-15,-3.413895797166333e-7,-6.936910068588986e-8,-6.25321808223056e-11,0.0,0.0,-0.43042969703674319,-0.029552634805440904,0.000029588974939542823,0.9998989105224609,-0.0023846342228353025,-0.000021342610125429928,-0.0018520046724006534,0.0,-1.0000007152557374,-0.02921212837100029,0.020900685340166093,-0.06565260887145996,-0.01548792328685522,0.38167765736579897,-0.000955236260779202,0.0,-5.336117769871862e-9,0.000002860141648852732,-0.6260205507278442,0.20570506155490876,0.33395862579345705,0.6012842655181885,-0.10116961598396301,0.001994759775698185,0.0006553572020493448,-0.0000014478580396826147,-0.0000014371858014783357,0.018663596361875535,-0.3050500750541687,-0.05228029564023018,0.33179956674575808,-0.12397949397563935,-0.36022982001304629,-0.000048167883505811915,-0.18674702942371369,-0.18674689531326295,-0.18674717843532563,-0.18674777448177339,-0.1867469698190689,-0.1867472231388092,-0.18674655258655549,-0.18674761056900025,-0.18674705922603608,-0.18674753606319428,-0.1867465376853943,-0.1867465376853943,-0.18674694001674653,-0.1867474764585495,-0.18674658238887788,-0.18674662709236146,-0.1867470145225525,-0.1867472231388092,-0.18674658238887788,-0.18674607574939729,-0.1867472231388092,-0.1867469698190689,-0.18674719333648683,-0.1867472380399704,-0.18674641847610475,-0.1867472231388092,-0.18674753606319428,-0.18674665689468385,-0.1867469996213913,-0.18674752116203309,-0.18674752116203309,-0.18674561381340028,-0.1867469996213913,-0.1867474913597107,-0.18674713373184205,-0.1867450326681137,-0.1867470145225525,-0.1867472231388092,-0.18674658238887788,-0.1867465376853943]}