{"bodyPosition":{"x":0.0023465026170015337,"y":0.993798553943634,"z":-0.060409508645534518},"bodyRotation":{"x":0.10712113231420517,"y":0.056602947413921359,"z":0.006755988113582134,"w":0.9926104545593262},"muscles":[-0.02364543452858925,0.06906211376190186,0.009907863102853299,3.415095193304296e-7,0.0,0.0,-0.000017331600247416645,0.000009647652404964902,0.000003329717401356902,-0.000005421463356469758,-7.683937610636349e-7,0.0000013233492381914403,0.000010416039913252462,-0.000004439620624907548,-6.403302563739999e-7,1.8016814304572597e-15,-3.413895797166333e-7,-6.936910068588986e-8,-6.25321808223056e-11,0.0,0.0,0.2000318169593811,-0.061353497207164767,0.00029242748860269785,1.0034055709838868,0.07089310884475708,0.21637165546417237,0.19874651730060578,-4.30088505254389e-7,0.4139147996902466,-0.04814990237355232,0.833691418170929,0.6480904817581177,-0.01640738733112812,0.3473828434944153,-0.07060506194829941,-0.49968352913856509,0.40852227807044985,-0.547576904296875,0.14558148384094239,-0.05841681733727455,0.4993763566017151,-0.7057825326919556,0.49188318848609927,-0.7110307216644287,0.484255850315094,-0.661700427532196,0.8507510423660278,0.07320906966924668,0.25989747047424319,-0.9569321870803833,-0.10743524879217148,0.14040863513946534,-0.7794102430343628,-0.24006088078022004,-1.9164857864379883,0.3376365303993225,0.6459012627601624,-0.11077035963535309,0.8061237931251526,-0.3991115689277649,-0.5367522239685059,0.8113417625427246,0.019774477928876878,-0.7822207808494568,-0.3292064964771271,0.2867385149002075,0.15991517901420594,-1.1266535520553589,-0.513795018196106,-0.1912236213684082,0.6859347820281982,-0.9261355996131897,-0.8196409940719605,-0.5262689590454102,-1.5857818126678467,-0.27845293283462527,0.36531713604927065,-0.19140835106372834,0.021304523572325708,-0.1401357501745224,0.10286921262741089,0.975210428237915,0.08941067010164261,-0.7609032988548279,-0.15256360173225404,0.9387931823730469,-0.14713820815086366,0.6527421474456787,-0.04258016124367714,0.9510285258293152,-0.17295533418655396,-0.6242057681083679,-0.234430730342865,1.1834359169006348]}