{"bodyPosition":{"x":0.003800156759098172,"y":0.9927554726600647,"z":0.09077693521976471},"bodyRotation":{"x":-0.09429395198822022,"y":0.5547311305999756,"z":0.08893632143735886,"w":0.8218713402748108},"muscles":[0.0008173352107405663,-0.3116375803947449,0.533805251121521,-0.1577121615409851,0.02944282814860344,-0.020050879567861558,-0.0000018783022142088158,0.000001024528046400519,-0.0000012806605127479998,-0.11900694668292999,0.10625506937503815,-0.3460780382156372,-0.10160595923662186,0.02426784113049507,-0.3623611032962799,1.8016814304572597e-15,-3.413895797166333e-7,-6.936910068588986e-8,-6.25321808223056e-11,0.0,0.0,0.980597198009491,-0.08001208305358887,6.260307827687939e-7,1.0282796621322632,-0.11794023215770722,0.06606656312942505,0.08385095745325089,0.0,0.38449475169181826,0.3505529463291168,0.3176933825016022,0.14193567633628846,-0.002427080413326621,0.530642569065094,-0.03258451819419861,-4.30088505254389e-7,0.7722816467285156,-0.08686067163944245,-0.07146023213863373,0.21394799649715424,0.14473450183868409,-0.7559620141983032,-0.017263388261198999,-0.0867915228009224,-0.7243484258651733,-0.00013451738050207496,-0.000030031487767701037,-0.47227805852890017,0.6919135451316834,-0.255016028881073,-0.38313648104667666,-0.13870050013065339,0.15339136123657227,0.010098159313201905,-1.6455659866333008,0.3367704749107361,0.01960773579776287,4.8787061501798237e-8,-0.313147634267807,-0.791129469871521,-0.07158907502889633,-0.6846674680709839,0.16258390247821809,-0.5381068587303162,-0.4540962278842926,-1.1516571044921876,0.10165568441152573,-1.4444129467010499,0.33147647976875307,-1.6057779788970948,0.5733758807182312,-0.8521969318389893,0.02699568308889866,-1.4605071544647217,-1.091764211654663,-0.2398461401462555,0.6460660099983215,-0.42231500148773196,0.08828283101320267,-0.2906988561153412,0.984188973903656,0.09462638944387436,0.15313199162483216,-1.7802338600158692,0.9357057809829712,-0.21094603836536408,0.05102816969156265,2.6004860401153566,0.6007838249206543,0.1493615210056305,-0.09761393070220947,1.1702574491500855,0.010748925618827343,0.17071884870529176]}