{"bodyPosition":{"x":0.0016148174181580544,"y":0.9900345802307129,"z":-0.0011569252237677575},"bodyRotation":{"x":-0.04292110726237297,"y":0.02729347161948681,"z":0.003478165715932846,"w":0.9986995458602905},"muscles":[0.0011732954299077392,0.009456433355808258,0.35393187403678896,-0.18626511096954347,0.01506810076534748,0.12229562550783158,-0.8253671526908875,1.5366192940291513e-7,0.00007540080696344376,0.6053140163421631,2.2989884485014046e-7,-0.00002549724194977898,0.09173695743083954,0.27058571577072146,0.008610964752733708,1.8016814304572597e-15,-3.413895797166333e-7,-6.936910068588986e-8,-6.25321808223056e-11,0.0,0.0,0.6325972676277161,-0.08553635329008103,0.00006383106665452942,1.0034570693969727,0.2864133417606354,0.2086050808429718,0.28413480520248415,-4.30088505254389e-7,0.7591806650161743,-0.12636907398700715,0.4979168474674225,0.7510641813278198,0.2623203694820404,-0.047807104885578158,-0.06688042730093003,-0.14802785217761994,-0.9299352169036865,0.730973482131958,-0.09773673862218857,0.44366294145584109,-0.7369685173034668,-0.16120310127735139,-0.24264883995056153,-0.028160590678453447,0.001601646887138486,0.1509658396244049,-1.1187700033187867,0.22232060134410859,0.3077864348888397,0.6891486048698425,-0.8854156136512756,0.5354845523834229,-0.2382616549730301,0.07557395100593567,-1.3839315176010132,-0.2366531789302826,0.6459012627601624,0.6459013819694519,0.6689656376838684,-0.4002768099308014,0.8114315867424011,0.8113417625427246,0.5919967293739319,-0.8328580260276794,0.8111321926116943,0.8491573333740234,0.37189966440200808,0.7139297127723694,0.8116409778594971,0.8427339196205139,0.25526493787765505,0.284366637468338,0.8082727193832398,0.8082727193832398,-2.4429409503936769,0.4363325536251068,0.6457732319831848,0.8115261197090149,0.668964147567749,-0.40024998784065249,0.8114306330680847,1.0243595838546754,0.5909097194671631,-1.588459849357605,-1.282899260520935,0.9717128276824951,0.36839771270751955,-0.8715561628341675,-0.6878423094749451,0.7090831398963928,-0.05083830654621124,0.27941909432411196,0.8082762956619263,1.0339241027832032]}