{"bodyPosition":{"x":-0.02714836411178112,"y":0.9951061010360718,"z":0.047593094408512118},"bodyRotation":{"x":0.13480131328105927,"y":0.0008563119918107986,"z":0.073051817715168,"w":0.9881758093833923},"muscles":[-0.000002049056547548389,0.0,0.0,-0.7752805352210999,-0.43820202350616457,3.582977115001995e-7,-8.537807616448845e-7,0.00000964764149102848,-0.00000418349100073101,-0.2774657607078552,0.0000037955264815536795,-0.000005961667739029508,0.5929723978042603,-0.010578986257314682,0.1145486980676651,1.8016814304572597e-15,-3.413895797166333e-7,-6.936910068588986e-8,-6.25321808223056e-11,0.0,0.0,0.20223934948444367,0.029751447960734369,0.037915438413619998,0.032641854137182239,-0.0004604125861078501,0.6044692993164063,-0.008417729288339615,-0.08540195226669312,0.59958416223526,-0.10317602008581162,0.000001239074549630459,0.999901533126831,-0.004010076634585857,0.07838098704814911,0.20551244914531709,-0.05360511690378189,-0.012405294924974442,-0.0000014231563909561374,0.2255818247795105,0.2937334179878235,-0.6754395961761475,-0.4685171842575073,0.06648223102092743,0.6755833625793457,0.20156896114349366,3.557390604314037e-9,-7.114781208628074e-9,0.0788569375872612,0.31006041169166567,-0.5787737369537354,-0.36677005887031557,0.009285067208111287,0.2415885627269745,-0.0014261555625125766,-0.8720429539680481,0.3157251477241516,0.6460660099983215,0.646065890789032,-0.08021388947963715,0.15833665430545808,0.2876909673213959,0.9970659017562866,0.0481661856174469,-0.9239701628684998,0.03354842588305473,1.0562210083007813,-0.054393377155065539,-0.5769566893577576,0.26833316683769228,1.1465502977371216,0.2960663437843323,0.19402189552783967,-0.7077511548995972,1.167611002922058,-0.781074047088623,0.6900631189346314,0.6460660099983215,0.6460656523704529,0.5812567472457886,-0.3053211569786072,0.0315769724547863,1.016210675239563,0.550977885723114,-1.7434587478637696,-0.05388737842440605,1.0024559497833253,0.304951548576355,-0.096928671002388,0.011959778144955635,1.2064247131347657,0.27124321460723879,-0.10139396786689758,-0.43982791900634768,1.1600369215011597]}