{"bodyPosition":{"x":0.003935003187507391,"y":0.9902737140655518,"z":0.05381916090846062},"bodyRotation":{"x":-0.056484997272491458,"y":-0.24089951813220979,"z":-0.005641864612698555,"w":-0.968888521194458},"muscles":[-0.22577016055583955,-0.051864780485630038,0.16175949573516847,-0.22469449043273927,0.0002857995859812945,0.1183987632393837,-0.4920746386051178,-0.04085230827331543,0.13216973841190339,-0.3000391125679016,0.02229897491633892,0.1241980642080307,0.03329000994563103,0.22232522070407868,-0.46596193313598635,1.8016814304572597e-15,-3.413895797166333e-7,-6.936910068588986e-8,-6.25321808223056e-11,0.0,0.0,0.21979977190494538,0.130344957113266,0.00010809269588207826,0.9377338886260986,0.38403743505477908,0.0034361518919467928,-0.31126049160957339,2.145106492434934e-7,0.6109261512756348,0.084661565721035,0.00003419349013711326,1.010473370552063,-0.07661116868257523,0.13950033485889436,-0.1484415978193283,-0.17015977203845979,0.21605445444583894,0.743268609046936,-0.4064728915691376,0.09274455904960633,-0.5029714107513428,0.42111849784851076,1.0042767524719239,0.17202983796596528,-0.26925918459892275,-0.11708306521177292,1.5671050548553467,-0.647020161151886,-0.1339588612318039,-0.02119206264615059,0.7384247779846191,0.03840077295899391,0.2407735288143158,-0.3632170557975769,-5.766916899574426e-8,-0.49999886751174929,-0.9999974370002747,4.8787061501798237e-8,3.2380029324485806e-7,-3.435104289906121e-8,-0.9999998211860657,-0.9999997615814209,-4.25929158609506e-7,-3.145100180290683e-8,-0.9999998211860657,-0.9999997019767761,-4.935142960960093e-9,0.0,-0.9999997019767761,-1.0000008344650269,-4.432936009379773e-7,-2.3485137390366618e-8,-0.9999994039535523,-0.9999999403953552,-2.197384834289551,-0.992987334728241,-0.3033464848995209,0.3365420699119568,0.48699304461479189,-0.27971789240837099,-0.39451557397842409,0.4100695848464966,0.4875369966030121,-0.7854251861572266,-0.1897648423910141,0.002926129149273038,0.34546250104904177,0.3189297020435333,-0.5867510437965393,0.21001675724983216,0.23955118656158448,0.15399427711963654,-0.7584880590438843,-0.23792420327663423]}