{"bodyPosition":{"x":0.004975319840013981,"y":0.9192306399345398,"z":0.009547925554215908},"bodyRotation":{"x":0.27060872316360476,"y":0.266401082277298,"z":-0.08241867274045944,"w":0.9214165806770325},"muscles":[-0.28292885422706606,0.046991925686597827,0.032482195645570758,-0.19567307829856873,0.1218118891119957,0.11040588468313217,-0.39862966537475588,0.24115091562271119,0.19929251074790955,0.006689558271318674,-0.24424637854099275,0.02185133658349514,0.7135681509971619,-0.5117122530937195,-0.12779125571250916,1.8016814304572597e-15,-3.413895797166333e-7,-6.936910068588986e-8,-6.25321808223056e-11,0.0,0.0,-0.16404396295547486,-0.038217976689338687,0.0835765153169632,0.5082458257675171,0.2596164047718048,-0.2500244975090027,-0.08829974383115769,-0.1563950479030609,-0.26564115285873415,-0.02294304221868515,-0.05048242211341858,0.562714695930481,0.12436491250991821,0.14362327754497529,0.043052591383457187,-0.11334628611803055,0.40183138847351076,-0.04114006459712982,0.16482362151145936,-0.2738145887851715,0.6558569669723511,0.32246190309524538,0.028037408366799356,0.5629977583885193,0.26784074306488039,0.046732690185308459,0.4749448001384735,-0.5743322968482971,-0.16456103324890138,0.18363596498966218,0.5833118557929993,-0.4637114703655243,-0.07582630962133408,-0.05481719598174095,-1.917925238609314,-0.9058269262313843,-0.7096990942955017,-0.999999463558197,0.8999995589256287,0.49999967217445376,0.8999999761581421,0.8999999761581421,0.9000000357627869,-0.9999989867210388,0.9000000357627869,0.9000000357627869,-0.9999995231628418,6.508837202545692e-8,-0.9999994039535523,-0.9999999403953552,-0.9927530288696289,-0.5716517567634583,-0.9999994039535523,-0.9999999403953552,-1.0454915761947632,0.6643057465553284,0.2960994839668274,0.45612359046936037,1.0498766899108887,0.10558506846427918,0.2154836356639862,0.5138210654258728,0.8845404982566834,-0.20705224573612214,0.37779778242111208,0.8759402632713318,0.6667830348014832,-0.007816367782652378,0.38969653844833376,0.7882928252220154,0.3428640067577362,-0.00711538502946496,0.2753012478351593,0.4470152258872986]}