{"bodyPosition":{"x":0.04880557581782341,"y":0.6514191031455994,"z":0.027395736426115037},"bodyRotation":{"x":0.06868872046470642,"y":0.49635764956474306,"z":-0.1005547046661377,"w":0.8595346808433533},"muscles":[-0.42953452467918398,0.07981423288583756,-0.4510352611541748,0.0,0.0,0.0,0.000002475942892488092,-0.0000012806619906768902,0.000003329717401356902,-0.2751239836215973,-0.12319756299257279,-0.22734197974205018,0.00000828159954835428,-0.0000016221893019974232,0.000006744811344105983,1.8016814304572597e-15,-3.413895797166333e-7,5.3360842855454396e-8,-0.0000013661993989444455,0.0,0.0,0.3941226899623871,0.26419228315353396,-0.2227133959531784,-0.18298625946044923,-0.09897859394550324,-0.3002317249774933,-0.38744139671325686,-1.2552580833435059,-0.700664758682251,0.22211286425590516,-0.02674790844321251,-0.28641581535339358,0.02606322057545185,-0.11535533517599106,-0.2605433166027069,-0.11948831379413605,0.19419726729393006,-0.000004293016445444664,-0.5104627013206482,0.09358759224414826,0.06124018505215645,-0.562743067741394,-0.13594040274620057,0.037409406155347827,0.008392992429435254,-0.5076485276222229,-0.000004299239662941545,-0.018077781423926355,-0.03956308960914612,-0.13567891716957093,0.07833459973335266,-0.601226270198822,-0.5036763548851013,-0.6231858134269714,-5.766916899574426e-8,-0.49999886751174929,-0.9999964237213135,4.8787061501798237e-8,3.2380029324485806e-7,-3.435104289906121e-8,-0.9999998211860657,-0.9999997615814209,-8.37906881656636e-8,5.4801710315955518e-14,-0.9999995231628418,-0.9999998211860657,-4.935142960960093e-9,0.0,-0.9999997019767761,-0.9999999403953552,-3.0977091114436919e-8,-2.0355553587104656e-14,-0.9999989867210388,-0.9999999403953552,-1.091764211654663,-0.2398461401462555,0.6460660099983215,0.6460660099983215,0.19948872923851014,-0.30186545848846438,0.42576664686203005,0.3557339012622833,0.15165123343467713,-0.732172966003418,-0.37486782670021059,0.47359880805015566,-0.08453550934791565,0.6110945343971252,-0.23873800039291383,0.2773754298686981,-0.2419108897447586,0.38484224677085879,-0.5035018920898438,0.07684633880853653]}