{"bodyPosition":{"x":0.01109376922249794,"y":0.9837947487831116,"z":0.009380167350172997},"bodyRotation":{"x":0.03596718981862068,"y":0.00285962107591331,"z":0.001052666804753244,"w":0.9993483424186707},"muscles":[0.0000026893869744526457,3.4150937722188248e-7,8.537736562175269e-8,-0.2241671085357666,0.0,0.0,0.0000032443397230963457,0.0,0.0,0.26235467195510867,-0.005036115180701017,-0.011796983890235424,0.10564487427473068,-0.1645582616329193,-0.14196926355361939,1.8016814304572597e-15,-3.413895797166333e-7,-6.936910068588986e-8,-6.25321808223056e-11,0.0,0.0,0.535878598690033,-0.0192422978579998,0.06355316191911698,0.9129690527915955,-0.04303278028964996,-0.0035136849619448187,-0.029911816120147706,-4.30088505254389e-7,0.5725175738334656,0.2177020162343979,0.978069543838501,0.749187171459198,-0.23088593780994416,-0.006753777153789997,-0.03563569486141205,-0.1371467113494873,-0.8694218993186951,-0.062377411872148517,-0.322340190410614,0.4513856768608093,-0.22274532914161683,0.13156136870384217,-0.04800862446427345,-0.6431934833526611,0.008045012131333352,-1.059953212738037,-1.436763419349063e-8,-0.12473747879266739,0.4505097568035126,-0.3494434058666229,0.10666827112436295,0.058818116784095767,-0.6178789734840393,0.0021089825313538315,-1.3839315176010132,-0.2366531789302826,0.6459012627601624,0.6459013819694519,0.6689659953117371,-0.4002768099308014,0.8114315867424011,0.8113420009613037,0.5919961333274841,-0.8328579664230347,0.8111321926116943,0.8491573333740234,0.37189963459968569,0.7139309644699097,0.8116409778594971,0.8427339196205139,0.25526517629623415,0.2843672037124634,0.8082727193832398,0.8082727193832398,-1.4165796041488648,-0.23726694285869599,0.6457729339599609,0.6457732915878296,0.668964147567749,-0.40024998784065249,0.8114305734634399,0.8113412261009216,0.5922185778617859,-0.832534670829773,0.8111318945884705,0.8499072194099426,0.37223345041275027,0.7137508988380432,0.8116409778594971,0.8427569270133972,0.25510117411613467,0.2844417095184326,0.8082770705223084,0.808276355266571]}