{"bodyPosition":{"x":-0.002752091735601425,"y":0.9831715226173401,"z":-0.0009675591136328876},"bodyRotation":{"x":0.00027945262263529,"y":-0.0024500845465809108,"z":-0.0016433210112154484,"w":0.9999955892562866},"muscles":[0.000008537736903235782,0.0,0.0,0.0,0.0,0.0,-0.000035175475204596296,0.0,0.0,-0.02172761596739292,0.08010702580213547,-0.008709598332643509,-0.16196872293949128,0.21913236379623414,0.01245965901762247,-5.336081798645864e-9,-0.000001195282948174281,-6.936910068588986e-8,-6.25321808223056e-11,0.0,0.0,0.5201689004898071,0.024180391803383828,0.0000018694673826757935,1.0006673336029053,0.20252859592437745,0.13031399250030518,-0.029544299468398095,0.0,0.7467302083969116,-0.04597872123122215,0.000004266728410584619,1.0016355514526368,0.33706367015838625,0.004108325112611055,-0.014840930700302124,0.0,-0.45143356919288638,-0.0000014279212336987258,-0.5754477977752686,0.2422996163368225,0.01044276263564825,0.8431383967399597,0.18160367012023927,-0.1812124401330948,0.03735742345452309,0.3768625259399414,0.0,-0.6307212114334106,0.33929944038391116,-0.5573652982711792,0.3700408637523651,0.34221917390823367,0.1440892368555069,-0.5326756834983826,-1.1897612810134888,0.5343955755233765,0.3254273235797882,0.6928547620773315,0.8497134447097778,0.2617047131061554,0.9919249415397644,0.9194368720054627,0.7932561635971069,-0.5552387833595276,0.5110868811607361,0.800000011920929,0.7889706492424011,-0.9870070219039917,0.14621853828430177,0.7999981045722961,0.7820442914962769,0.04805128276348114,-0.3113727271556854,0.7999981045722961,-1.470584511756897,0.04879610240459442,0.06626496464014054,0.06626506894826889,0.6984390616416931,-0.0616157241165638,0.6308915019035339,0.22604800760746003,0.9694395661354065,0.04159354791045189,0.17994573712348939,-0.18715906143188477,1.0502855777740479,-1.2697474956512452,-0.33751675486564639,0.03832434117794037,0.973233699798584,0.15114516019821168,-1.0488824844360352,-0.7104494571685791]}