{"bodyPosition":{"x":-0.09922300279140473,"y":0.7641591429710388,"z":0.008482011966407299},"bodyRotation":{"x":-0.15925809741020204,"y":-0.7186833620071411,"z":0.132469043135643,"w":-0.6637644171714783},"muscles":[-0.2924465835094452,0.0011623655445873738,-0.0013169718440622092,-0.5264391899108887,-0.05958583578467369,0.11306985467672348,-0.9071648120880127,0.07573620975017548,-0.23089393973350526,-0.04697409272193909,-0.05530885234475136,0.02020266093313694,0.4218134880065918,0.0033717036712914707,-0.01080810371786356,1.8016814304572597e-15,-3.413895797166333e-7,-6.936910068588986e-8,-6.25321808223056e-11,0.0,0.0,-0.6514801383018494,0.20397546887397767,0.15312084555625916,0.0932091623544693,0.004263588227331638,0.17512118816375733,-0.21031039953231812,0.0000027881051209988074,-0.9625446796417236,-0.07841727137565613,-0.1412043571472168,-0.06820732355117798,0.1304527223110199,0.382125586271286,-0.3065190315246582,-0.00000171715237229364,0.18323133885860444,-0.49605846405029299,0.021716086193919183,-0.1995399445295334,0.0333007387816906,0.07100239396095276,-0.7810447216033936,-0.37035179138183596,-0.37946397066116335,0.3693695068359375,0.3565477430820465,0.24033452570438386,-0.4697292745113373,-0.1360335499048233,-0.4187370836734772,-0.4878123998641968,-0.7172577381134033,0.31946536898612978,-0.3521205484867096,-0.2189113050699234,-0.22705751657485963,0.14213629066944123,0.40804532170295718,-0.450863242149353,0.015871258452534677,0.08941993117332459,0.14994147419929505,-0.7616528868675232,0.09889045357704163,0.3692633807659149,0.1733507663011551,0.17842485010623933,-0.15408560633659364,0.329478919506073,0.24584722518920899,0.1577637493610382,-0.13880442082881928,0.2526693642139435,-0.12536633014678956,0.007260388694703579,-0.22705760598182679,0.14213617146015168,0.4080469608306885,-0.45041465759277346,-0.3326597213745117,0.24075864255428315,0.14994126558303834,-0.7616557478904724,-0.22345875203609467,0.3692633807659149,0.17335078120231629,0.17842482030391694,-0.48497188091278078,0.329478919506073,0.2458472102880478,0.15776380896568299,-0.5061225295066834,0.2526693046092987]}