{"bodyPosition":{"x":-0.03262227028608322,"y":0.9947855472564697,"z":-0.010865641757845879},"bodyRotation":{"x":-0.05580512061715126,"y":0.05806853249669075,"z":0.0621224120259285,"w":0.9948139190673828},"muscles":[0.19600370526313783,-0.21211814880371095,0.26845985651016238,3.415095193304296e-7,0.0,0.0,0.00003807728353422135,-0.000059081805375171825,0.00009980615141103044,-0.08486875891685486,-0.08604646474123001,-0.12456442415714264,0.000022155414626467973,0.000011568651643756311,-0.000002561320798122324,1.8016814304572597e-15,-3.413895797166333e-7,-6.936910068588986e-8,-6.25321808223056e-11,0.0,0.0,0.49065548181533816,0.15594816207885743,0.0790923535823822,0.9288150072097778,0.17718032002449037,0.20935703814029694,-0.37406203150749209,-0.19739000499248506,0.5900508761405945,-0.01899617351591587,0.0009538996964693069,1.0036709308624268,0.31307747960090639,0.04085233807563782,-0.04126241058111191,0.0,0.32232391834259035,-0.0000014384449968929403,0.38275158405303957,0.37323451042175295,0.7461240887641907,-0.46891701221466067,0.7333056330680847,-0.5403659343719482,-0.4376565217971802,0.06565079092979431,-5.1588036065197688e-9,-0.3851848840713501,0.5205807089805603,-0.4368828237056732,-0.07734260708093643,0.614612340927124,0.41544806957244875,0.4962623417377472,-1.102699875831604,0.09706246107816696,1.0333645343780518,1.1557728052139283,0.9000000357627869,-1.7440454413986118e-8,1.053862452507019,0.9466748237609863,-0.9999998807907105,2.349205630025608e-8,-0.9999997019767761,-0.9999997019767761,-0.9990581274032593,-0.5509528517723084,-0.9999989867210388,-0.9999999403953552,-0.9929888248443604,-0.562345564365387,-0.9999997019767761,-1.0000004768371583,-0.9054924845695496,-0.003578328527510166,0.06651783734560013,0.8071139454841614,0.19333308935165406,-0.387982577085495,0.20928548276424409,1.0011671781539918,0.33658158779144289,-0.8220405578613281,0.1080954372882843,1.040378212928772,0.2647291421890259,0.7121630311012268,0.3741617500782013,0.9773625731468201,0.20081265270709992,0.2677251696586609,0.5639431476593018,0.9012463688850403]}