{"bodyPosition":{"x":-0.0127728171646595,"y":0.9810417294502258,"z":-0.01033693179488182},"bodyRotation":{"x":-0.03793736547231674,"y":0.012418285943567753,"z":0.04132214933633804,"w":0.9983481168746948},"muscles":[0.08988198637962342,-0.14027148485183717,-0.003908433020114899,0.002199398120865226,-0.006690999027341604,-0.0016570088919252158,0.00459753442555666,-0.01335203181952238,-0.0032757685985416176,-0.06838610768318176,0.08536073565483093,-0.004475071560591459,-0.22023773193359376,0.14520838856697083,-0.058573413640260699,1.8016814304572597e-15,-3.413895797166333e-7,-6.936910068588986e-8,-6.25321808223056e-11,0.0,0.0,0.61440509557724,-0.01899653859436512,0.09011372178792954,0.9937689304351807,0.12629063427448274,-0.005393383093178272,-0.013913183473050595,0.00016114658501464874,0.4354363977909088,0.0825282633304596,0.46926891803741457,0.5732428431510925,-0.03058713674545288,0.010761484503746033,0.0587889701128006,-0.2721978724002838,-0.1213688999414444,0.11807655543088913,-0.5606151223182678,0.07667295634746552,-0.31971317529678347,0.8052002787590027,0.4575992524623871,-0.020915314555168153,0.44709110260009768,0.6038228273391724,0.15532635152339936,-0.8678326606750488,0.4438014030456543,-0.33081579208374026,0.16522864997386933,0.3444344103336334,0.12397634983062744,-0.0647708922624588,-2.4544637203216554,-0.7372984290122986,0.3139447569847107,-1.1136306524276734,-0.36478468775749209,-1.3601480722427369,-0.7018886804580689,-0.3261587917804718,-0.6464799046516419,-3.6410295963287355,-0.942206859588623,-0.9923381805419922,-0.6079000234603882,3.208822727203369,-1.0586652755737305,-1.1094094514846802,-0.6796497106552124,0.643619179725647,-0.7116965055465698,-0.7117025256156921,-2.618786573410034,-0.18452385067939759,0.19335204362869264,0.6415033340454102,0.5255104303359985,-0.12434292584657669,0.032777998596429828,-0.013261312618851662,0.8700170516967773,-0.7178048491477966,-0.24547280371189118,0.44877108931541445,0.8196699619293213,-0.4618491530418396,0.17872457206249238,0.41447851061820986,0.7343443632125855,-0.3763599991798401,0.5827947854995728,0.4523681700229645]}