{"bodyPosition":{"x":0.4561798870563507,"y":0.9644423723220825,"z":0.023418672382831575},"bodyRotation":{"x":0.2311258316040039,"y":0.23348210752010346,"z":-0.02133643999695778,"w":0.9442519545555115},"muscles":[-0.39854559302330019,0.07764114439487457,0.07512075453996659,-0.1103803738951683,0.15921509265899659,0.18693077564239503,-0.22498780488967896,0.32678163051605227,0.3609273135662079,0.07085199654102326,0.11789549142122269,-0.08171989023685456,-0.003488649381324649,-0.020764263346791269,-0.5690391063690186,1.8016814304572597e-15,-3.413895797166333e-7,-6.936910068588986e-8,-6.25321808223056e-11,0.0,0.0,-0.026196962222456933,0.062301795929670337,0.02728668972849846,0.8005927801132202,0.005357928108423948,0.11305513978004456,0.010117625817656517,-0.059323593974113467,0.04535588249564171,-0.010641952976584435,0.18125960230827332,0.5601837635040283,-0.044878408312797549,-0.004375961609184742,0.12130995094776154,-0.1980023831129074,0.1986597776412964,0.05489658564329147,-0.594741940498352,0.050421152263879779,-0.3756062388420105,0.46007415652275088,0.604872465133667,0.22068935632705689,0.3037654459476471,0.07955576479434967,1.4114056825637818,-0.4290800094604492,-0.2731541395187378,0.09903033822774887,-0.6833577156066895,0.43524613976478579,-0.4808003902435303,0.26558592915534975,-0.9053324460983276,-0.40187060832977297,0.29611924290657046,0.4562765061855316,0.48004287481307986,0.11031010746955872,0.2154683917760849,0.5138775110244751,0.4427851140499115,-0.21241089701652528,0.3777584135532379,0.8759903311729431,0.21652299165725709,-0.008042432367801667,0.3896932303905487,0.7882952094078064,0.17656223475933076,-0.007137835957109928,0.27515578269958498,0.44699639081954958,-1.5248585939407349,0.5364293456077576,0.5288919806480408,0.6328228116035461,0.6079177856445313,0.1106373518705368,0.21547026932239533,0.5138399600982666,0.5345190167427063,-0.2127971202135086,0.37776222825050356,0.8758884072303772,0.33670350909233096,-0.007996583357453347,0.38970208168029787,0.788264274597168,0.17659424245357514,-0.007118587382137775,0.2752620279788971,0.4470086097717285]}