{"bodyPosition":{"x":-0.0027174046263098718,"y":0.9887647032737732,"z":0.00919279269874096},"bodyRotation":{"x":6.705522537231445e-8,"y":-3.197442310920451e-14,"z":1.9984014443252819e-15,"w":1.0},"muscles":[-3.415094340653013e-7,0.0,0.0,0.0,0.0,0.0,0.0000010245283874610323,0.0,0.0,-7.683963190174836e-7,1.144999741043871e-14,4.2688682810876347e-8,-0.08899614214897156,0.044650498777627948,0.00360219762660563,1.8016814304572597e-15,-3.413895797166333e-7,-6.936910068588986e-8,-6.25321808223056e-11,0.0,0.0,0.6045758128166199,0.018458835780620576,0.05244813486933708,0.9994698762893677,0.27588528394699099,0.031168434768915178,-0.08746378123760224,-0.02349700964987278,0.5609217286109924,-0.002529223682358861,0.08439859747886658,0.9720947742462158,0.18412312865257264,0.002436731243506074,0.036783792078495029,-0.01958012580871582,-7.114780320449654e-9,-7.114780320449654e-9,-0.7669524550437927,0.4722103178501129,-0.06293606013059616,0.2950057089328766,-0.07525993883609772,0.03517613187432289,-0.04400037229061127,-0.0000014478580396826147,-0.0000014371858014783357,-0.22224748134613038,-0.09377911686897278,-0.11603664606809616,-0.6784652471542358,-0.8047353625297546,0.06998979300260544,0.37310463190078738,-0.7229819297790527,0.5031228065490723,-0.2909640073776245,-0.03655628859996796,0.37401527166366579,-0.4417104721069336,0.1418587565422058,0.8303194642066956,0.4094254970550537,-0.7828102111816406,0.2755720019340515,0.4665031135082245,0.5473679900169373,-0.6260491013526917,0.05363171547651291,0.26051393151283266,0.48995542526245119,-0.39790788292884829,-0.18807882070541383,0.010158185847103596,-1.5772700309753419,-0.9794902205467224,-0.9999989867210388,-0.9999995827674866,0.7791794538497925,0.779179036617279,0.7791800498962402,0.7791795134544373,0.7665611505508423,0.7665638327598572,0.7665612697601318,0.7665612697601318,-0.9999999403953552,-0.9999987483024597,-0.9999989867210388,-0.9999997615814209,-0.9999988675117493,-0.9999992251396179,-0.9999994039535523,-1.0000007152557374]}