{"bodyPosition":{"x":-0.0019040592014789582,"y":1.0180598497390748,"z":0.02801954373717308},"bodyRotation":{"x":0.11434708535671234,"y":-0.0000012427958608896006,"z":-2.950636996956746e-7,"w":0.9934408664703369},"muscles":[-3.415094340653013e-7,0.0,0.0,-0.6573723554611206,0.0,0.0,-0.0000035858490718965187,0.0,0.0,-0.04523668438196182,0.019674168899655343,0.19228637218475343,-0.000006403296083590249,-0.0000011526278740348062,-0.00001502641498518642,-5.336081798645864e-9,-0.000001195282948174281,-6.936910068588986e-8,-6.25321808223056e-11,0.0,0.0,0.4785335063934326,0.2487781047821045,0.619227945804596,0.12045086175203324,-0.1996418684720993,0.7670162320137024,-0.023739811033010484,0.0,0.6154999136924744,-0.03983331099152565,0.01209371816366911,0.999474823474884,0.16763554513454438,0.24097412824630738,0.06586601585149765,0.0,-7.114780320449654e-9,-7.114780320449654e-9,-0.5762871503829956,-0.08486303687095642,0.13263724744319917,-0.6791862845420837,0.6325371861457825,-0.8659530282020569,0.06731465458869934,3.557390604314037e-9,-7.114781208628074e-9,-0.4461912214756012,0.448766827583313,-0.23871858417987824,-0.003239889396354556,-0.022361796349287034,0.22647467255592347,-1.3618289232254029,-0.869979739189148,-0.25420475006103518,-0.986840546131134,-0.9868403673171997,1.084640622138977,0.21896900236606599,0.9999988675117493,0.9999988079071045,0.9941648244857788,-0.37377259135246279,0.9999994039535523,0.9999994039535523,0.3317731022834778,-0.7244969010353088,-0.6026008725166321,-0.6730794310569763,-0.06042264774441719,-0.6590068340301514,-0.28349053859710696,-0.9455469846725464,-1.0267465114593506,-0.4832962155342102,0.6460657119750977,0.6460656523704529,0.5154584646224976,-0.30487173795700076,0.23564451932907105,-0.07366656512022019,0.28370997309684756,-0.7337550520896912,0.45300689339637759,0.24519561231136323,0.348823219537735,0.6286812424659729,0.22485917806625367,0.5141923427581787,0.27061036229133608,0.3972061276435852,0.4173920154571533,0.42394009232521059]}