{"bodyPosition":{"x":-0.031174311414361,"y":0.6809104681015015,"z":0.018210841342806817},"bodyRotation":{"x":0.04455825686454773,"y":7.823108916227284e-8,"z":0.011561878025531769,"w":0.9989399313926697},"muscles":[-0.11425991356372833,0.04033656418323517,0.0000012818064760722337,-0.2509922981262207,-0.09192357957363129,-0.1297481507062912,-0.2599566578865051,-0.23305857181549073,-0.26242104172706606,-0.16983959078788758,0.0381985642015934,0.17933133244514466,0.4159608483314514,0.22871582210063935,-1.1369041204452515,1.8016814304572597e-15,-3.413895797166333e-7,-6.936910068588986e-8,-6.25321808223056e-11,0.0,0.0,-0.7110614776611328,0.6330556869506836,-0.19710345566272736,0.012689596973359585,-0.19290411472320558,0.29096123576164248,-0.9438539147377014,-4.30088505254389e-7,-0.753498911857605,-0.1092483326792717,0.47220322489738467,-0.09519840776920319,0.00261165970005095,0.1363331824541092,-0.28803688287734988,0.000042914398363791406,-0.3210553526878357,0.0003404429298825562,-0.26501938700675967,0.10417968779802323,0.1044231578707695,0.577056348323822,-0.21404758095741273,0.0506226047873497,-0.3211151957511902,-0.2484498918056488,0.45407649874687197,-0.4409646987915039,0.08701933175325394,0.34590089321136477,0.25116562843322756,-0.010342283174395562,0.16387131810188294,-0.06578199565410614,-1.9435608386993409,-0.8674634099006653,0.056124988943338397,0.6445915699005127,-0.18386828899383546,-1.957089900970459,-0.3783056139945984,-0.27286943793296816,-0.13747325539588929,-4.150571346282959,-0.42855584621429446,-0.3214922249317169,0.03506726771593094,2.569866895675659,-0.468871146440506,-0.47903019189834597,0.5097131729125977,-0.177120178937912,-0.09116315841674805,-0.09194852411746979,-1.101768970489502,-0.5724777579307556,-0.47302255034446719,-0.6240707635879517,-0.5385715961456299,-1.3937357664108277,-0.6195306181907654,-0.5208906531333923,-0.42280104756355288,-2.0087239742279054,-0.5272092819213867,-0.3985384404659271,-0.2283538430929184,0.4034871459007263,-0.2186092734336853,-0.22190897166728974,0.25787684321403506,-0.2586367726325989,-0.27728796005249026,0.16871687769889832]}