{"bodyPosition":{"x":0.004841811489313841,"y":0.9748860597610474,"z":0.011274742893874646},"bodyRotation":{"x":-0.010284017771482468,"y":-0.053702712059020999,"z":-0.008031622506678105,"w":0.9984717965126038},"muscles":[-0.15581007301807404,0.020808443427085878,0.14484068751335145,0.25275152921676638,0.03533080592751503,0.001646327436901629,-0.007202229928225279,-0.2971469461917877,0.25299301743507388,-0.000015581365005346015,-0.000002817484983097529,-0.000005891038199479226,-0.1139337569475174,-0.18770506978034974,-0.015027247369289399,1.8016814304572597e-15,-3.413895797166333e-7,-6.936910068588986e-8,-6.25321808223056e-11,0.0,0.0,0.6115567088127136,-0.01563439890742302,0.12308195233345032,0.8088640570640564,0.08209938555955887,-0.08686359971761704,-0.08529160171747208,0.0,0.3771018385887146,0.04967540130019188,0.0000010966136869683397,0.9379933476448059,0.38023120164871218,0.17333382368087769,0.04610496386885643,0.14421230554580689,0.010305755771696568,0.3074877858161926,-0.6170604228973389,0.19777056574821473,0.000276267557637766,0.9008436799049377,0.19679003953933717,-0.019029755145311357,0.04459088295698166,0.2626189887523651,-0.5655553936958313,-0.6959651708602905,0.280945360660553,0.2710452973842621,0.7770071029663086,0.2087741494178772,0.1885959953069687,0.2891542613506317,-0.40090107917785647,-0.49999818205833437,-0.4009016752243042,-0.40090179443359377,-0.1850929707288742,0.050928134471178058,-0.18509195744991303,-0.185092493891716,-0.43443748354911806,0.05092759430408478,-0.43443766236305239,-0.4344386160373688,-0.4718053638935089,0.05092768371105194,-0.47180408239364626,-0.47180506587028506,-0.5402535796165466,0.050928134471178058,-0.5402530431747437,-0.540252685546875,-1.0917644500732422,-0.23984526097774507,0.6460660099983215,0.6460656523704529,0.5812574028968811,-0.30532121658325198,1.0839163064956666,0.8714197874069214,0.4451887309551239,-0.7447987794876099,0.8731689453125,0.8990868330001831,0.20123521983623506,0.6278142929077148,0.8108349442481995,1.019408106803894,-0.06197146326303482,0.39174360036849978,0.8106021881103516,0.9862976670265198]}