{"bodyPosition":{"x":0.007384506519883871,"y":0.9908660650253296,"z":0.0014623671304434538},"bodyRotation":{"x":-0.021638555452227594,"y":0.035451170057058337,"z":-0.014991886913776398,"w":0.9990246295928955},"muscles":[4.493011829254101e-7,-9.75598908325992e-8,-0.4775276482105255,3.415095193304296e-7,0.0,0.0,0.000002561320798122324,5.976414740871405e-7,0.0,-0.2696661353111267,0.0898890271782875,-0.20786520838737489,4.695755251304945e-7,3.4150937722188248e-7,2.13443399843527e-7,1.8016814304572597e-15,-3.413895797166333e-7,-6.936910068588986e-8,-6.25321808223056e-11,0.0,0.0,0.6000832915306091,0.13294239342212678,0.00008557813271181658,0.9998995065689087,-0.00041876951581798494,0.09549658000469208,-0.22032146155834199,0.0,0.600080132484436,0.13294406235218049,0.00008616870763944462,0.9998976588249207,-0.00041844398947432637,0.09549673646688461,-0.22032496333122254,0.0,-2.45684503852317e-8,1.2506438493728638,-0.151279017329216,0.5103947520256043,-0.43744269013404848,-0.2236861139535904,0.2506866753101349,0.060395170003175738,-0.6284770965576172,3.557390604314037e-9,-7.114781208628074e-9,-0.5457286834716797,0.32056739926338198,0.35991355776786806,-0.6602161526679993,0.1956557333469391,-0.749123215675354,0.07294756174087525,-1.3232752084732056,0.22970053553581239,0.6460660099983215,-0.27933281660079958,0.5812568664550781,-0.30532118678092959,-0.0753522664308548,0.8714202642440796,0.525728702545166,-0.7464179396629334,0.23374032974243165,0.8990856409072876,0.30562111735343935,0.6291273236274719,0.5390976667404175,1.0194083452224732,0.17031820118427277,0.3976139724254608,0.8106021881103516,0.9862976670265198,-1.1203147172927857,-0.0005425048293545842,0.006309147924184799,0.0063092452473938469,0.6056779623031616,0.6056782007217407,0.6056780219078064,0.6056782603263855,0.03785482421517372,0.03785554692149162,0.03785558417439461,0.03785558417439461,-0.32176676392555239,-0.32177066802978518,-0.32176634669303896,-0.32176628708839419,-0.3312300443649292,-0.3312302827835083,-0.33123061060905459,-0.3312305808067322]}