{"bodyPosition":{"x":0.008748495951294899,"y":0.982688307762146,"z":-0.0036359301302582027},"bodyRotation":{"x":-0.04948054626584053,"y":-0.021757585927844049,"z":-0.020994285121560098,"w":0.9983173608779907},"muscles":[0.051914650946855548,0.08361930400133133,-0.007599277421832085,-0.18227222561836244,0.0,0.0,-0.4800671935081482,-8.018911330509582e-7,-0.000003427117235332844,0.1980203539133072,0.22583293914794923,0.19335593283176423,0.14503110945224763,0.106955885887146,0.031257156282663348,1.8016814304572597e-15,-3.413895797166333e-7,-6.936910068588986e-8,-6.25321808223056e-11,0.0,0.0,0.657442033290863,0.0790337398648262,0.0019760243594646456,0.9498195648193359,0.42635247111320498,0.19718095660209657,-0.12269449979066849,-0.07275693863630295,0.816819429397583,0.1113710105419159,0.000004075328888575314,1.0000756978988648,0.2286023646593094,0.12452509999275208,-0.2664407193660736,-0.0049378410913050179,0.4074289798736572,0.9013511538505554,-0.7777644395828247,0.14001786708831788,-0.2741812467575073,0.4241000711917877,0.21781876683235169,-0.3627857267856598,0.11654816567897797,-0.2712063789367676,6.14745720994847e-9,-0.6136915683746338,0.08677010238170624,0.006924628745764494,0.9105682373046875,0.33733275532722475,-0.004737472161650658,0.3216189444065094,4.950637677580971e-9,-0.9999995231628418,-0.4999997913837433,-0.9999988675117493,-0.999999463558197,-1.3074787474920413e-8,-1.0,-0.9999997615814209,-0.9999977350234985,2.4548143073843677e-8,-0.9999997019767761,-0.999998927116394,-0.9999980330467224,1.2003987137632067e-7,-0.9999997019767761,-0.9999997615814209,-0.999999463558197,3.019399485992835e-8,-0.9999989867210388,-0.9999999403953552,-1.1349332332611085,0.0794263407588005,0.6460657119750977,-0.44132253527641299,0.6276864409446716,0.19717396795749665,0.20302897691726685,0.9356280565261841,0.729534387588501,-1.106789469718933,0.46747204661369326,0.8990856409072876,0.6746143102645874,-0.8149653077125549,0.5672059059143066,1.0194082260131837,0.6174485683441162,0.3870566785335541,0.04303838312625885,0.9862976670265198]}