{"bodyPosition":{"x":0.012278297916054726,"y":0.9875410795211792,"z":0.0037622659001499416},"bodyRotation":{"x":0.0025646088179200889,"y":-0.10409991443157196,"z":-0.01506135519593954,"w":0.9944494962692261},"muscles":[-5.499088047145051e-7,1.600580077365521e-7,-0.516836941242218,3.415095193304296e-7,0.0,0.0,-0.000004183510100119747,0.000004951871233060956,-0.00002177122951252386,0.27527517080307009,-6.077625585021451e-7,-0.6516829133033752,0.000003585848844522843,-0.000002049057457043091,5.976414740871405e-7,1.8016814304572597e-15,-3.413895797166333e-7,-6.936910068588986e-8,-6.25321808223056e-11,0.0,0.0,0.6028344631195068,0.03490053862333298,0.0007986023556441069,1.001482367515564,0.42110729217529299,0.005613513756543398,-0.1560075283050537,0.0,0.599835216999054,0.14965230226516725,0.00004053861994179897,0.999898374080658,0.004401025827974081,0.09828630834817887,-0.2025018334388733,0.0,0.5227651000022888,9.509125042939104e-9,-0.5830082893371582,0.10373702645301819,-0.3056820034980774,-0.19447675347328187,0.284023255109787,-0.4648019075393677,0.1156238466501236,-0.0000014478580396826147,-0.0000014371858014783357,-0.9140570759773254,0.6030968427658081,0.027452964335680009,0.17242084443569184,0.1866406500339508,-0.059885844588279727,0.6270808577537537,-1.6965981721878052,-0.23895366489887238,0.6460652947425842,0.8171290159225464,0.42826956510543826,-0.5783206224441528,0.8106551766395569,0.8714211583137512,0.5479928851127625,-1.8892709016799927,0.020015541464090349,0.2669517993927002,0.01472509652376175,0.619075357913971,0.4564661681652069,-0.21474984288215638,-0.3092251420021057,0.3802754580974579,0.17626598477363587,-0.7051478028297424,-0.34647053480148318,0.33510035276412966,0.20131683349609376,-0.2367456555366516,0.6451535820960999,0.2772116959095001,0.7999986410140991,0.8852424025535584,1.0462279319763184,-0.4527253806591034,0.20476196706295014,0.9771623015403748,1.189551591873169,-0.8179634213447571,-0.19358539581298829,0.8383668661117554,1.1070480346679688,-0.16074366867542268,-0.31294822692871096,-0.15637096762657166]}