{"bodyPosition":{"x":-0.006046641618013382,"y":0.9850441217422485,"z":0.0009494200348854065},"bodyRotation":{"x":-0.02789900451898575,"y":-0.14514034986495973,"z":0.0368928462266922,"w":0.988329291343689},"muscles":[0.07296004891395569,-0.15503966808319093,-0.005678268615156412,-3.293079942068289e-7,0.0000010854109859792516,0.14606767892837525,0.000005464152309286874,-0.0000015367912737929146,-0.000001366037849948043,-0.1509256809949875,-0.024316856637597085,-0.4109117090702057,0.000002873553739846102,-0.06629589200019837,-0.0000023912061806186104,1.8016814304572597e-15,-3.413895797166333e-7,-6.936910068588986e-8,-6.25321808223056e-11,0.0,0.0,0.41939783096313479,0.10842804610729218,0.5240726470947266,0.6338604688644409,0.04878858104348183,0.0007948505808599293,-0.1598987579345703,-0.3591984808444977,0.5716127157211304,-0.0354345366358757,0.028586754575371743,1.0003052949905396,0.20154529809951783,0.009482636116445065,-0.046808332204818729,0.0,-7.114780320449654e-9,-7.114780320449654e-9,-0.5973750948905945,0.14227811992168427,-0.11664661020040512,-0.18565116822719575,-0.36593565344810488,-0.5890728235244751,-0.5110767483711243,-0.0000014478580396826147,-0.0000014371858014783357,-0.6624380946159363,0.2788931429386139,0.15729402005672456,0.7751566767692566,-0.018481340259313585,-0.18564023077487946,0.25373202562332156,-1.6289087533950806,-0.14113490283489228,-0.31927716732025149,-0.3192773163318634,-0.013762489892542363,-0.31562086939811709,1.074805498123169,-0.3192768096923828,0.14066146314144135,-0.30655571818351748,-0.3192767798900604,-0.31927669048309328,-0.14414754509925843,-0.3153247833251953,-0.3192766606807709,-0.4222765862941742,-0.44265812635421755,-0.32515451312065127,-0.3192766606807709,-0.7720234990119934,-0.5734961032867432,-0.18670302629470826,-0.13201721012592317,-0.36889323592185976,0.5104607939720154,-0.2495623528957367,0.22984980046749116,0.48602840304374697,0.4227547347545624,-0.33308303356170657,-0.19452379643917085,0.20495200157165528,0.05512076988816261,-0.3108415901660919,-0.21306417882442475,0.2797984778881073,-0.021194614470005037,-0.3139342963695526,-0.4586673080921173,0.11563991755247116]}