{"bodyPosition":{"x":-0.01092031504958868,"y":1.0091562271118165,"z":0.056708816438913348},"bodyRotation":{"x":-0.03407759591937065,"y":-0.23864790797233582,"z":0.01202761847525835,"w":-0.9704335927963257},"muscles":[-0.058903466910123828,-0.13048908114433289,-0.04750240221619606,-0.062021225690841678,-0.11827410757541657,-0.005538770463317633,-0.000004268868906365242,-0.0000019636788692878328,8.537736562175269e-7,-0.09710008651018143,-0.07405904680490494,0.08335758745670319,0.06409484893083573,-0.16567747294902802,-0.36180174350738528,-5.336081798645864e-9,-0.000001195282948174281,-6.936910068588986e-8,-6.25321808223056e-11,0.0,0.0,0.6363629698753357,-0.0887468233704567,0.5538033246994019,0.3844223618507385,-0.04762069880962372,0.33862239122390749,0.09246622771024704,0.0,0.5938926339149475,0.11247292906045914,-0.0010997962672263384,1.0373961925506592,-0.04969099536538124,0.12651994824409486,0.045762382447719577,-0.053193140774965289,0.05817676708102226,-0.08533143252134323,-0.3104228377342224,-0.09109362959861756,0.21371640264987946,-0.7599390149116516,-0.06365196406841278,-0.46847906708717348,0.01733158528804779,0.051703646779060367,-1.2924702167510987,-0.5596747994422913,0.5884931087493897,-0.2857166826725006,0.07625319808721543,0.39218276739120486,-0.08219713717699051,0.17795008420944215,-2.2311553955078127,-0.2557847797870636,0.6448288559913635,4.8787061501798237e-8,0.6693466901779175,-0.4064114987850189,0.8113369941711426,0.5888495445251465,0.36240941286087038,-0.8305606842041016,0.2696707248687744,0.8491445779800415,0.3723772466182709,0.7149896621704102,-0.03936386480927467,0.7480292320251465,-0.08503971993923187,0.2063487470149994,-0.12443733215332031,0.4949798583984375,-1.3523107767105103,0.07766320556402207,0.5813263058662415,-0.04472312331199646,0.4200158417224884,-0.30377626419067385,0.2638399004936218,0.9846433997154236,0.5531373620033264,-0.7465096712112427,0.7206496000289917,0.8990874290466309,0.4178297519683838,0.6275808811187744,0.9151921272277832,1.019408106803894,0.27734681963920596,0.3967389464378357,0.8106021881103516,1.1058608293533326]}