{"bodyPosition":{"x":-0.12217385321855545,"y":0.9437111616134644,"z":-0.0794961154460907},"bodyRotation":{"x":-0.07604987919330597,"y":0.3258151113986969,"z":0.026951909065246583,"w":0.9419843554496765},"muscles":[0.2089637964963913,-0.03971720486879349,0.10500897467136383,-0.008414020761847496,-0.003992282319813967,-0.01195630244910717,0.09386520087718964,0.12557071447372437,0.06085759401321411,-0.41119149327278139,-0.03909735381603241,-0.000397887866711244,-0.20508737862110139,-0.2593594193458557,-0.6289915442466736,1.8016814304572597e-15,-3.413895797166333e-7,-6.936910068588986e-8,-6.25321808223056e-11,0.0,0.0,0.6631488800048828,0.2888376712799072,-2.4006874355109178e-7,0.9929796457290649,-0.06524002552032471,-0.0696372464299202,-0.523629903793335,8.580425969739736e-7,0.8440146446228027,0.16229327023029328,0.000008506959602527786,0.9668194651603699,0.3795062005519867,-0.11153215914964676,-0.5440857410430908,0.00015106191858649254,0.04258810356259346,0.2669534385204315,-0.7039549350738525,0.2967927157878876,-0.000001655110622778011,0.8874420523643494,0.22653605043888093,-0.1101594790816307,0.2341124713420868,0.08153346925973892,0.6932178735733032,-0.5836375951766968,0.31947028636932375,-0.11419796943664551,0.24159841239452363,-0.4680446684360504,-0.5216783285140991,0.5308922529220581,-0.8094359040260315,-0.20524336397647859,-0.22705751657485963,0.34211835265159609,0.36800262331962588,-0.4488418698310852,0.320263534784317,0.5229032039642334,0.41067495942115786,-0.7956560850143433,0.34793898463249209,0.5218564867973328,0.4261079430580139,0.2410726249217987,0.29550525546073916,0.4782586395740509,0.48064282536506655,0.2013014256954193,0.33426859974861147,0.43703195452690127,-1.4594664573669434,-0.23960833251476289,0.3437524735927582,0.29043880105018618,0.5812568664550781,-0.30532118678092959,0.8106551766395569,0.9946061968803406,0.352967768907547,-0.7407158017158508,0.6213374137878418,0.8101683855056763,0.007515359204262495,0.6185729503631592,0.5253626704216003,0.7884378433227539,-0.39210671186447146,0.37361887097358706,0.3522118926048279,0.5990874767303467]}